Datetime,Close,High,Low,Open,Volume,Returns,MA_5,MA_20,Volatility,RSI,MACD,Momentum,Volume_Change
2026-05-18 11:35:00-04:00,295.8550109863281,295.8550109863281,295.3699951171875,295.57000732421875,269646,0.0009469918914077891,295.90302124023435,297.2344711303711,0.0019409301067743055,32.897349118324726,-0.5918485002663374,-0.81500244140625,-0.12103007089886719
2026-05-18 11:40:00-04:00,295.7099914550781,296.3800048828125,295.7099914550781,296.3299865722656,212161,-0.0004901709481496264,295.772021484375,297.1609710693359,0.0017474290429385126,31.724326943733132,-0.6173373287928712,-0.654998779296875,-0.2131869191458431
2026-05-18 11:45:00-04:00,295.7900085449219,295.93701171875,295.6366882324219,295.70001220703125,163578,0.00027059312216670683,295.68202514648436,297.05697174072264,0.001771241960735759,33.14092493379721,-0.6238888957842619,-0.449981689453125,-0.22899119065238194
2026-05-18 11:50:00-04:00,296.03009033203125,296.0459899902344,295.2699890136719,295.7749938964844,248170,0.0008116629371304196,295.792041015625,296.94807586669924,0.001039586750912405,37.341618032189295,-0.6027602214265357,0.550079345703125,0.5171355561261295
2026-05-18 11:55:00-04:00,295.8399963378906,296.20001220703125,295.82000732421875,296.0400085449219,170627,-0.000642144161518865,295.84501953125,296.8408264160156,0.0010259918481189247,35.442803611216135,-0.5945015476427216,0.264892578125,-0.3124592013539106
2026-05-18 12:00:00-04:00,295.760009765625,295.989990234375,295.6300048828125,295.8399963378906,148059,-0.0002703710561646755,295.8260192871094,296.73582763671874,0.0010183778332627444,34.644519824116685,-0.5876368255410398,-0.095001220703125,-0.13226511630632898
2026-05-18 12:05:00-04:00,296.125,296.3099975585937,295.75,295.7699890136719,150647,0.001234075677317703,295.9090209960938,296.63382720947266,0.001089115111268565,41.15735745150631,-0.5464457359608446,0.415008544921875,0.017479518300137054
2026-05-18 12:10:00-04:00,296.2890014648437,296.29998779296875,295.989990234375,296.1199951171875,186266,0.0005538251239973757,296.0088195800781,296.5680267333984,0.0010987979073010853,43.86429709170963,-0.49486347500925376,0.49899291992181816,0.23644015479896718
2026-05-18 12:15:00-04:00,296.2900085449219,296.44000244140625,296.1099853515625,296.29998779296875,182877,3.3989789469668352e-06,296.06080322265626,296.4990264892578,0.0006269137677256093,43.88136948587738,-0.44873021602376184,0.259918212890625,-0.018194410144631856
2026-05-18 12:20:00-04:00,296.17999267578125,296.8099975585937,296.07000732421875,296.2699890136719,177139,-0.0003713114380093918,296.12880249023436,296.41596069335935,0.0006585539912355561,42.36556132255033,-0.41624838482954374,0.339996337890625,-0.03137628023206851
2026-05-18 12:25:00-04:00,295.25,296.3099975585937,295.0199890136719,296.2200012207031,253579,-0.00313995779181242,296.02680053710935,296.2879608154297,0.0011957468718454517,32.23025839556128,-0.46024353526871664,-0.510009765625,0.4315255251525638
2026-05-18 12:30:00-04:00,295.6000061035156,295.75,294.9100036621094,295.2699890136719,322610,0.001185456743490576,295.9218017578125,296.1509613037109,0.0012665066806672412,38.22055773236664,-0.461547014844939,-0.524993896484375,0.27222680111523423
2026-05-18 12:35:00-04:00,295.427490234375,295.760009765625,295.3999938964844,295.57000732421875,169720,-0.0005836125357866484,295.74949951171874,296.00733642578126,0.0012722879974034612,36.507647289320595,-0.47107041416126094,-0.8615112304686932,-0.47391587365549737
2026-05-18 12:40:00-04:00,295.385009765625,295.69000244140625,295.2950134277344,295.42999267578125,1176297,-0.00014379321543944723,295.56849975585936,295.9370864868164,0.0012295484690483856,36.07886636785539,-0.47655219843568375,-0.904998779296875,5.930809568701391
2026-05-18 12:45:00-04:00,295.3399963378906,295.5,295.1499938964844,295.385009765625,182311,-0.00015238900501446384,295.40050048828124,295.86008605957034,0.0012204725967134783,35.60171085667385,-0.4790070641288935,-0.839996337890625,-0.8450127816359304
2026-05-18 12:50:00-04:00,295.8699951171875,295.8699951171875,295.3299865722656,295.3599853515625,190813,0.001794537772969118,295.5244995117188,295.820085144043,0.001367178855514959,44.85015767649731,-0.43319251708840056,0.6199951171875,0.0466345969250348
2026-05-18 12:55:00-04:00,295.8999938964844,296.1300048828125,295.8399963378906,295.8800048828125,213371,0.00010139175919143817,295.5844970703125,295.7968353271484,0.001302466829774475,45.32875125212941,-0.3899681970747224,0.29998779296875,0.11822045667748005
2026-05-18 13:00:00-04:00,295.75,295.9200134277344,295.4599914550781,295.9200134277344,152935,-0.0005069073997239215,295.6489990234375,295.7723358154297,0.0012886627727305704,43.30518612371334,-0.36362423214450246,0.322509765625,-0.28324373977719564
2026-05-18 13:05:00-04:00,295.7300109863281,295.989990234375,295.6499938964844,295.739990234375,159903,-6.758753566149522e-05,295.71799926757814,295.7848358154297,0.0012877273666351623,43.0295017121413,-0.3404350728807799,0.345001220703125,0.0455618399973845
2026-05-18 13:10:00-04:00,295.610107421875,295.8999938964844,295.610107421875,295.739990234375,140249,-0.0004054494302192513,295.772021484375,295.78658599853514,0.0012883112149471158,41.329843964837856,-0.32795228289688794,0.270111083984375,-0.12291201540934193
2026-05-18 13:15:00-04:00,295.8599853515625,296.0,295.6099853515625,295.6099853515625,121212,0.0008452956222193553,295.77001953125,295.7868347167969,0.0007981693053522819,46.10738986015006,-0.2945016891407022,-0.010009765625,-0.13573715320608348
2026-05-18 13:20:00-04:00,295.7300109863281,295.989990234375,295.5899963378906,295.8699951171875,173381,-0.0004393103889325234,295.73602294921875,295.7878356933594,0.0007400471006896539,44.095977616293844,-0.27530613981605256,-0.16998291015625,0.4303946803946803
2026-05-18 13:25:00-04:00,296.1702880859375,296.67999267578125,295.6499938964844,295.7200012207031,250072,0.001488780587878047,295.82008056640626,295.80684967041014,0.0008294668816317937,51.77118651518645,-0.22200767995110482,0.4202880859375,0.4423264371528599
2026-05-18 13:30:00-04:00,296.0899963378906,296.2793884277344,295.8599853515625,296.010009765625,300795,-0.00027109994242091595,295.89207763671874,295.8098449707031,0.0008371486037684108,50.41190394759796,-0.1841246650298558,0.3599853515625,0.2028335839278288
2026-05-18 13:35:00-04:00,295.8999938964844,296.1400146484375,295.8800048828125,296.0799865722656,115528,-0.0006417050348077602,295.95005493164064,295.81284484863284,0.0008759506014100338,47.2503567318456,-0.1675028433658099,0.289886474609375,-0.6159244668295683
2026-05-18 13:40:00-04:00,296.2598876953125,296.3699951171875,295.8399963378906,295.9200134277344,126155,0.001216268355024086,296.0300354003906,295.8378387451172,0.0007710464226403301,53.23315684048749,-0.12386170747328151,0.39990234375,0.09198635828543722
2026-05-18 13:45:00-04:00,296.29998779296875,296.3399963378906,296.0,296.2200012207031,115743,0.000135354461814563,296.14403076171874,295.8465881347656,0.0007709715739858527,53.86108233817865,-0.08505953671914313,0.569976806640625,-0.08253339146288297
2026-05-18 13:50:00-04:00,296.4700012207031,296.5150146484375,296.25,296.29998779296875,154570,0.0005737881698908431,296.2039733886719,295.8556381225586,0.0007462861808695668,56.526221715102004,-0.040127311417620604,0.299713134765625,0.3354587318455544
2026-05-18 13:55:00-04:00,296.31500244140625,296.4700012207031,296.1499938964844,296.4700012207031,129672,-0.0005228143780439121,296.248974609375,295.8568878173828,0.0007804675336461652,53.4925038584937,-0.01683128468465611,0.225006103515625,-0.16107912272756675
2026-05-18 14:00:00-04:00,296.260009765625,296.4200134277344,296.1099853515625,296.29998779296875,148669,-0.000185588563954453,296.32097778320315,295.860888671875,0.0007645158564875649,52.417614556791634,-0.0027744824953970237,0.360015869140625,0.14650040101178363
2026-05-18 14:05:00-04:00,296.5199890136719,296.6849975585937,296.1813049316406,296.260009765625,1820827,0.0008775374315708184,296.372998046875,295.9243881225586,0.0007675085238535189,56.833669427501796,0.029009384961454998,0.260101318359375,11.247523020939132
2026-05-18 14:10:00-04:00,296.19000244140625,296.5400085449219,296.17999267578125,296.5199890136719,131177,-0.0011128645099551804,296.3510009765625,295.9538879394531,0.0008564979421453793,50.435354712578544,0.027256968971016704,-0.1099853515625,-0.9279574610877365
2026-05-18 14:15:00-04:00,295.67999267578125,296.2099914550781,295.6000061035156,296.19000244140625,186825,-0.001721900676664112,296.1929992675781,295.9665130615234,0.0009018593857488426,42.47611482054206,-0.0151111669570696,-0.790008544921875,0.4242207094231458
2026-05-18 14:20:00-04:00,295.7900085449219,295.8599853515625,295.5199890136719,295.70001220703125,179499,0.00037207748872369883,296.08800048828124,295.9867630004883,0.0009162950493664597,44.51039005725859,-0.03935717372763747,-0.524993896484375,-0.039213167402649574
2026-05-18 14:25:00-04:00,296.0799865722656,296.0799865722656,295.6700134277344,295.7900085449219,210451,0.0009803509887647,296.0519958496094,296.02376251220704,0.0009527837260470954,49.57241321442272,-0.03477266774865484,-0.180023193359375,0.17243550103343197
2026-05-18 14:30:00-04:00,296.20001220703125,296.3699951171875,296.0,296.14990234375,221339,0.0004053824649046245,295.9880004882813,296.0402633666992,0.000874879698812143,51.54285619193975,-0.021209854105734394,-0.319976806640625,0.05173650873600022
2026-05-18 14:35:00-04:00,295.8399963378906,296.3699951171875,295.8099975585937,296.17999267578125,170610,-0.0012154485290466477,295.9179992675781,296.03726348876955,0.0009493613690020104,45.766243274425285,-0.039061224953968576,-0.350006103515625,-0.22919142130397263
2026-05-18 14:40:00-04:00,295.5899963378906,295.8699951171875,295.5,295.8500061035156,292985,-0.0008450513895844614,295.9,296.0292633056641,0.0009342530445786565,42.22709288638301,-0.07254521949369064,-0.089996337890625,0.7172791747259832
2026-05-18 14:45:00-04:00,295.7099914550781,295.9599914550781,295.45001220703125,295.54998779296875,289839,0.00040595121172626314,295.8839965820313,296.02826232910155,0.0009552215773477112,44.44766223709327,-0.08838013214096918,-0.08001708984375,-0.010737751079406777
2026-05-18 14:50:00-04:00,295.75,295.8699951171875,295.5599975585937,295.7300109863281,227759,0.00013529656108346444,295.8179992675781,296.03525695800784,0.0009612776329171487,45.203909060124474,-0.09658765690340942,-0.329986572265625,-0.21418787671776396
2026-05-18 14:55:00-04:00,295.9800109863281,295.9800109863281,295.5249938964844,295.7300109863281,307521,0.0007777210019548342,295.7739990234375,296.04125823974607,0.000949617676822705,49.46331001446454,-0.08356888500844661,-0.220001220703125,0.3502035045815972
2026-05-18 15:00:00-04:00,297.0350036621094,297.7300109863281,295.79998779296875,295.989990234375,629692,0.0035644051510963504,296.01300048828125,296.1065078735352,0.0014566286955993387,63.48396047259697,0.011742319359143494,1.19500732421875,1.0476390230260697
2026-05-18 15:05:00-04:00,297.05499267578125,297.3999938964844,296.8299865722656,297.04998779296875,342843,6.729514510217527e-05,296.3059997558594,296.15074310302737,0.001282028945924064,63.68951169414138,0.08787708946300654,1.464996337890625,-0.4555385807664699
2026-05-18 15:10:00-04:00,296.5199890136719,297.1300048828125,296.489990234375,297.0799865722656,244635,-0.0018010256528268043,296.46799926757814,296.17224273681643,0.001469901962375962,54.79843031931903,0.10384703499477155,0.80999755859375,-0.28645181613741566
2026-05-18 15:15:00-04:00,296.67999267578125,296.8999938964844,296.5,296.5299987792969,249510,0.0005396049778687573,296.65399780273435,296.21124267578125,0.0014519842441080059,56.74333169553376,0.12793948348570439,0.92999267578125,0.01992764731130059
2026-05-18 15:20:00-04:00,296.79998779296875,297.1300048828125,296.54998779296875,296.70001220703125,264272,0.0004044597551229323,296.8179931640625,296.2382476806641,0.0014519700124798734,58.19604454599484,0.15492959369169057,0.819976806640625,0.05916396136427404
2026-05-18 15:25:00-04:00,297.0773010253906,297.1499938964844,296.5599975585937,296.7900085449219,366428,0.0009343438134348236,296.8264526367187,296.27711334228513,0.0013757131354663497,61.42062763556369,0.19643196531484364,0.04229736328125,0.386556275352667
2026-05-18 15:30:00-04:00,297.19000244140625,297.3299865722656,296.9049987792969,297.0899963378906,284849,0.0003793673081942117,296.85345458984375,296.3131134033203,0.0013033639572373355,62.68052504755176,0.2356999538719151,0.135009765625,-0.22263309572412593
2026-05-18 15:35:00-04:00,297.2001037597656,297.3999938964844,297.0299987792969,297.17999267578125,291769,3.3989428568803604e-05,296.9894775390625,296.3573684692383,0.0013129107800084975,62.797793742387604,0.2645852357857734,0.68011474609375,0.024293573086091147
2026-05-18 15:40:00-04:00,297.6300048828125,297.7200012207031,297.20001220703125,297.2099914550781,358914,0.0014465039466957652,297.1794799804687,296.42586822509764,0.0013372961387258554,67.48114768315271,0.31849504498370607,0.95001220703125,0.23013068557660343
2026-05-18 15:45:00-04:00,297.5400085449219,297.6600036621094,297.1000061035156,297.6000061035156,363102,-0.0003023765628941133,297.3274841308594,296.4768692016602,0.001367730182664055,65.61881356643136,0.34992330677448535,0.740020751953125,0.011668533409117554
2026-05-18 15:50:00-04:00,297.625,297.8800048828125,297.2099914550781,297.5400085449219,485284,0.0002856471487440171,297.43702392578126,296.54861907958986,0.0008557853718799018,66.55747570489191,0.3773388039469978,0.547698974609375,0.3364949793721874
2026-05-18 15:55:00-04:00,297.8999938964844,297.9200134277344,297.45001220703125,297.6369934082031,1208287,0.0009239610129672116,297.5790222167969,296.659619140625,0.0008835865940916136,69.4625282561637,0.4164548598108695,0.709991455078125,1.4898554248646154
2026-05-19 09:30:00-04:00,299.2900085449219,299.6199951171875,297.5,298.0,3594490,0.004666044568367722,297.99700317382815,296.834619140625,0.0014021183207968235,79.26659989563183,0.5532397774164792,2.08990478515625,1.9748644154906905
2026-05-19 09:35:00-04:00,299.7923889160156,299.8599853515625,299.0299987792969,299.2799987792969,877060,0.0016785738138609396,298.4294799804687,297.0202392578125,0.001412996091081007,81.56965736761491,0.6941786481358463,2.162384033203125,-0.7559987647760879
2026-05-19 09:40:00-04:00,300.0450134277344,300.3900146484375,299.3699951171875,299.82000732421875,860470,0.0008426648609465293,298.93048095703125,297.21248931884764,0.0013976337878513247,82.6154037345602,0.8168423552110653,2.5050048828125,-0.018915467584885826
2026-05-19 09:45:00-04:00,300.3450012207031,300.42999267578125,299.3699951171875,300.0450134277344,697179,0.0009998092937510972,299.4744812011719,297.43773956298827,0.0013969827202239499,83.79151436374868,0.9275683045785286,2.720001220703125,-0.18976954455123363
2026-05-19 09:50:00-04:00,299.4224853515625,300.510009765625,299.3699951171875,300.3399963378906,641187,-0.0030715206359061,299.7789794921875,297.6293640136719,0.0019213373829890775,68.45450893680669,0.930157816036683,1.522491455078125,-0.08031222971432017
2026-05-19 09:55:00-04:00,299.0950012207031,299.54998779296875,298.95001220703125,299.3900146484375,495575,-0.0010937192324580458,299.73997802734374,297.7986145019531,0.0019995565181554677,63.977683691816274,0.8954624562725257,-0.19500732421875,-0.22709755500345452
2026-05-19 10:00:00-04:00,298.6849975585937,299.1000061035156,298.4100036621094,299.0950012207031,364759,-0.0013708141574954036,299.51849975585935,297.9453643798828,0.0020701443347511763,58.79350905153092,0.825367936901273,-1.1073913574219318,-0.26396811784290974
2026-05-19 10:05:00-04:00,298.3699951171875,298.7200012207031,298.04998779296875,298.6600036621094,490924,-0.0010546309455813363,299.18349609375,298.06486358642576,0.002110003926728138,55.09940688732772,0.7359162761204061,-1.675018310546875,0.3458859137128898
2026-05-19 10:10:00-04:00,297.6199951171875,298.409912109375,297.5599975585937,298.409912109375,503130,-0.00251365758043276,298.63849487304685,298.0941131591797,0.0022874852081545545,47.454246066937955,0.5976174960086951,-2.725006103515625,0.024863318965868464
2026-05-19 10:15:00-04:00,297.6849975585937,297.9798889160156,297.3599853515625,297.6000061035156,512994,0.0002184075078039971,298.29099731445314,298.1256134033203,0.0022666289580805807,48.12604933875868,0.48763867505323333,-1.7374877929688068,0.019605271003517943
2026-05-19 10:20:00-04:00,297.5400085449219,297.7569885253906,297.2300109863281,297.6400146484375,385290,-0.00048705515850955283,297.97999877929686,298.17661437988284,0.0015394092521292264,46.692086557856804,0.38434972107660315,-1.55499267578125,-0.24893858407700675
2026-05-19 10:25:00-04:00,296.9100036621094,297.5599975585937,296.8399963378906,297.5400085449219,375426,-0.002117378721246399,297.625,298.18811492919923,0.0013788096981693105,40.97851828135551,0.24878847336543686,-1.7749938964843182,-0.025601494977808947
2026-05-19 10:30:00-04:00,296.6099853515625,297.2300109863281,296.5199890136719,296.92999267578125,329676,-0.0010104688519969596,297.272998046875,298.1786148071289,0.001224827907183904,38.5587403770855,0.11581123772623414,-1.760009765625,-0.12186156526186254
2026-05-19 10:35:00-04:00,296.7300109863281,297.010009765625,296.57000732421875,296.6300048828125,371459,0.00040465810557033244,297.0950012207031,298.16125030517577,0.0011186087356633285,40.08307291962687,0.019881702175723603,-0.889984130859375,0.12673958674577457
2026-05-19 10:40:00-04:00,297.2349853515625,297.25,296.67999267578125,296.7200012207031,303178,0.0017017974136011027,297.0049987792969,298.1634994506836,0.0012468970812695838,46.13766378102974,-0.015220482606423502,-0.45001220703119316,-0.18381840256932802
2026-05-19 10:45:00-04:00,296.6400146484375,297.3999938964844,296.6400146484375,297.2449951171875,293005,-0.0020016846348732686,296.825,298.1354949951172,0.0013077151185979191,40.894310801456825,-0.09001079192881889,-0.899993896484375,-0.0335545455145162
2026-05-19 10:50:00-04:00,296.81500244140625,297.2749938964844,296.6099853515625,296.6619873046875,304498,0.0005898994886988085,296.8059997558594,298.09474487304686,0.0013623157819430962,42.94793840630185,-0.13362228393117448,-0.095001220703125,0.039224586611150025
2026-05-19 10:55:00-04:00,297.510009765625,297.5400085449219,296.7799987792969,296.79998779296875,257104,0.0023415505230601763,296.9860046386719,298.093244934082,0.001639079509388626,50.32963321777027,-0.11082589101602025,0.9000244140625,-0.15564634250471265
2026-05-19 11:00:00-04:00,297.42999267578125,297.6499938964844,297.3099975585937,297.4800109863281,261301,-0.00026895595851306187,297.1260009765625,298.08349456787107,0.0014421994393158744,49.53498514424001,-0.09808562577359226,0.699981689453125,0.01632413342460648
2026-05-19 11:05:00-04:00,297.7250061035156,297.75,297.239990234375,297.4349975585937,299481,0.0009918751807116433,297.2240051269531,298.07474517822266,0.0014792295356585016,52.51198491531359,-0.06345231688089825,0.490020751953125,0.14611501678141292
2026-05-19 11:10:00-04:00,297.239990234375,297.7099914550781,297.1400146484375,297.7099914550781,223372,-0.0016290733367958499,297.3440002441406,297.9722442626953,0.0015639075410731752,47.54604313142002,-0.07428557933940283,0.5999755859375,-0.2541363225045996
2026-05-19 11:15:00-04:00,297.3493957519531,297.5199890136719,297.239990234375,297.25,172284,0.00036807132678173815,297.45087890625,297.8500946044922,0.0013961329805688835,48.72398912746539,-0.07319911314721139,0.534393310546875,-0.22871264079651876
2026-05-19 11:20:00-04:00,297.0950012207031,297.3999938964844,297.0299987792969,297.3299865722656,189252,-0.0008555407708384921,297.3678771972656,297.7025939941406,0.001382634031474121,46.129911454294664,-0.09180729610892513,-0.415008544921875,0.09848854217454894
2026-05-19 11:25:00-04:00,297.07000732421875,297.30499267578125,296.9800109863281,297.0799865722656,227290,-8.412762376242e-05,297.29588012695314,297.5388442993164,0.0013818307316415886,45.87151053231445,-0.10733393494535903,-0.3599853515625,0.2009912708980619
2026-05-19 11:30:00-04:00,297.0,297.409912109375,296.9949951171875,297.0599975585937,241786,-0.00023565934794067545,297.15087890625,297.41772003173827,0.0012656243333957291,45.10930556545646,-0.1238601315789083,-0.725006103515625,0.0637775529059792
2026-05-19 11:35:00-04:00,297.45001220703125,297.4599914550781,296.8699951171875,297.0,184677,0.0015151926162668694,297.19288330078126,297.33547058105466,0.001155646335228118,50.77180468335762,-0.09949808528557469,0.21002197265625,-0.236196471259709
2026-05-19 11:40:00-04:00,297.2200012207031,297.5799865722656,297.0599975585937,297.4700012207031,1249764,-0.000773276103172682,297.16700439453126,297.26222076416013,0.001193919357092958,48.0437368145186,-0.09762558541484623,-0.12939453125,5.767296414821553
2026-05-19 11:45:00-04:00,297.4100036621094,297.42999267578125,297.1600036621094,297.2300109863281,150529,0.0006392653274540638,297.2300048828125,297.21422119140624,0.0009387616003536816,50.41394978374236,-0.07988909491484719,0.31500244140625,-0.8795540598064915
2026-05-19 11:50:00-04:00,297.39990234375,297.45001220703125,297.260009765625,297.4100036621094,155499,-3.39642857839495e-05,297.2959838867188,297.2032165527344,0.0009351392310037603,50.28261767984586,-0.06588837026214378,0.32989501953125,0.033016893754691745
2026-05-19 11:55:00-04:00,297.2799987792969,297.3999938964844,297.17041015625,297.3900146484375,147859,-0.0004031728440667681,297.35198364257815,297.1829666137695,0.0008709735574169326,48.66211455696732,-0.06373323363573036,0.279998779296875,-0.0491321487597991
2026-05-19 12:00:00-04:00,297.2699890136719,297.3999938964844,297.1499938964844,297.2900085449219,130341,-3.367117083596938e-05,297.31597900390625,297.16946563720705,0.0006989067972395591,48.521528269273624,-0.06211693144405217,-0.180023193359375,-0.11847773892695068
2026-05-19 12:05:00-04:00,296.9549865722656,297.2799987792969,296.9349975585937,297.2699890136719,215463,-0.0010596510009349691,297.2629760742187,297.17171478271484,0.0007607909307509774,44.19445305516527,-0.08527111244370644,-0.2650146484375,0.653071558450526
2026-05-19 12:10:00-04:00,296.5350036621094,297.0899963378906,296.364990234375,296.9700012207031,276046,-0.0014142982241318602,297.0879760742188,297.1679656982422,0.0008365449728119661,39.177919467881196,-0.1359430121859191,-0.875,0.2811758863470759
2026-05-19 12:15:00-04:00,296.75,296.9100036621094,296.4800109863281,296.5400085449219,161168,0.000725028530309979,296.95799560546874,297.1689651489258,0.0008854484027370589,42.75987866058014,-0.15694330540367218,-0.64990234375,-0.4161552784680814
2026-05-19 12:20:00-04:00,297.04998779296875,297.1199951171875,296.67999267578125,296.75,143150,0.001010910844039703,296.9119934082031,297.1597152709961,0.0009507304974159887,47.41349793143372,-0.14767734873737481,-0.230010986328125,-0.11179638637943012
2026-05-19 12:25:00-04:00,297.42498779296875,297.5,297.0599975585937,297.0599975585937,191854,0.0012624137869392538,296.9429931640625,297.19896392822267,0.0009089188008087672,52.60114608067448,-0.10882023341497415,0.154998779296875,0.34023052741879156
2026-05-19 12:30:00-04:00,297.5703125,297.6300048828125,297.3599853515625,297.4100036621094,127621,0.0004886096091307746,297.06605834960936,297.23672943115236,0.0008779422459344778,54.475428234271405,-0.06554365380185345,0.615325927734375,-0.3348014636129557
2026-05-19 12:35:00-04:00,297.54998779296875,297.75,297.3699951171875,297.54998779296875,154733,-6.830220011022625e-05,297.26905517578126,297.23872833251954,0.0008595979149280525,54.152906916870094,-0.032511909608274436,1.014984130859375,0.21244152608113076
2026-05-19 12:40:00-04:00,297.6600036621094,297.75,297.4599914550781,297.5299987792969,121382,0.00036973911495219447,297.4510559082031,297.25022888183594,0.0008648165971809561,55.68240752839645,0.00251436283502926,0.910003662109375,-0.21553902528872315
2026-05-19 12:45:00-04:00,298.3900146484375,298.3999938964844,297.6400146484375,297.67999267578125,685482,0.0024524994199650596,297.71906127929685,297.28347930908205,0.001118861380486906,64.21367721015054,0.08816244000814777,1.34002685546875,4.647311792522779
2026-05-19 12:50:00-04:00,298.4599914550781,298.7200012207031,298.3099975585937,298.3999938964844,243611,0.000234514572222011,297.9260620117187,297.3444793701172,0.001111209833736091,64.91097489032357,0.15984312960506486,1.035003662109375,-0.6446135711805707
2026-05-19 12:55:00-04:00,298.59991455078125,298.614990234375,298.31201171875,298.4649963378906,148290,0.0004688169259168262,298.131982421875,297.4070053100586,0.0009861919624972505,66.32397419372282,0.22534359627292133,1.02960205078125,-0.391283644827204
2026-05-19 13:00:00-04:00,298.3951110839844,298.5899963378906,298.17498779296875,298.5799865722656,183735,-0.000685879187557692,298.30100708007814,297.47201080322264,0.0008409439829874498,62.365330140103275,0.25775600903142504,0.845123291015625,0.2390248836738822
2026-05-19 13:05:00-04:00,298.6000061035156,298.7200012207031,298.3900146484375,298.3949890136719,207125,0.0006866567578367455,298.4890075683594,297.5485107421875,0.0008405285205055539,64.63925495049597,0.29655786093843517,0.94000244140625,0.12730290908101338
2026-05-19 13:10:00-04:00,298.7099914550781,298.7300109863281,298.5400085449219,298.6099853515625,144333,0.00036833673581493365,298.5530029296875,297.6340103149414,0.0008320119114028052,65.83265845096436,0.33235235573727095,0.319976806640625,-0.3031599275799638
2026-05-19 13:15:00-04:00,298.57501220703125,298.7300109863281,298.5,298.67498779296875,449739,-0.0004518738974527148,298.5760070800781,297.6902603149414,0.0008471568878472957,63.02158581276337,0.3458414090177371,0.115020751953125,2.1159817921057553
2026-05-19 13:20:00-04:00,298.3099975585937,298.6400146484375,298.3099975585937,298.57501220703125,167902,-0.0008875982168722318,298.5180236816406,297.74476013183596,0.0009358335668657866,57.80282604479967,0.3313277732906954,-0.28991699218755684,-0.6266679118333078
2026-05-19 13:25:00-04:00,298.24951171875,298.42999267578125,298.1718139648437,298.3099975585937,197202,-0.00020276169199395788,298.48890380859376,297.78673553466797,0.000941840815354933,56.649785010142715,0.3113557948470884,-0.145599365234375,0.1745065573965765
2026-05-19 13:30:00-04:00,297.92999267578125,298.260009765625,297.9200134277344,298.25,186367,-0.0010713145551435321,298.3549011230469,297.81324005126953,0.0010255038264706834,50.87628945646912,0.26667132061766097,-0.670013427734375,-0.05494366182898758
2026-05-19 13:35:00-04:00,298.3099975585937,298.3500061035156,297.94000244140625,297.94000244140625,224297,0.001275483812151812,298.27490234375,297.8647399902344,0.0007566767639159786,56.54815474656376,0.2589369075783452,-0.39999389648443184,0.20352315592352732
2026-05-19 13:40:00-04:00,298.0849914550781,298.3699951171875,297.8399963378906,298.32000732421875,148892,-0.0007542694021556162,298.17689819335936,297.9054901123047,0.0007829194286211982,52.67030995033636,0.2319771294741031,-0.490020751953125,-0.3361837206917614
2026-05-19 13:45:00-04:00,298.1700134277344,298.20001220703125,297.9599914550781,298.1000061035156,126605,0.00028522728447755163,298.1489013671875,297.96624145507815,0.0007694732104538786,53.95522352128162,0.21499356177560003,-0.13998413085931816,-0.14968567820970902
2026-05-19 13:50:00-04:00,298.4349975585937,298.4869079589844,298.1199951171875,298.1600036621094,145565,0.000888701475420195,298.1859985351562,298.06124114990234,0.0008064378334873252,57.800446133783836,0.22037561391198324,0.18548583984369316,0.14975711859721175
2026-05-19 13:55:00-04:00,298.3900146484375,298.4349975585937,298.2101135253906,298.4349975585937,136899,-0.0001507293398032017,298.27800292968743,298.1432418823242,0.0007715103171855039,56.93127677394604,0.21849253812138159,0.46002197265625,-0.05953354171675884
2026-05-19 14:00:00-04:00,298.3349914550781,298.42999267578125,298.0400085449219,298.3800048828125,162909,-0.00018440025020338702,298.2830017089844,298.2074920654297,0.0007562599374701528,55.82544681434209,0.21013793581664686,0.024993896484431843,0.18999408322924194
2026-05-19 14:05:00-04:00,298.3099975585937,298.4100036621094,298.17999267578125,298.3349914550781,133098,-8.377795833647284e-05,298.3280029296875,298.2517425537109,0.0007475088490589943,55.299992024481554,0.19920375781481425,0.22500610351556816,-0.18299173158020732
2026-05-19 14:10:00-04:00,298.260009765625,298.3752136230469,298.2149963378906,298.3099975585937,114170,-0.00016756995534106256,298.34600219726565,298.2862274169922,0.0006948092095018254,54.201172151860305,0.18437933563564002,0.089996337890625,-0.14221100241926998
2026-05-19 14:15:00-04:00,298.29998779296875,298.3800048828125,298.010009765625,298.25,149356,0.00013403750430751593,298.3190002441406,298.3237274169922,0.0006929398681285417,54.97177105016225,0.17385270123060081,-0.13500976562494316,0.3081895419111851
2026-05-19 14:20:00-04:00,298.2250061035156,298.3900146484375,298.0400085449219,298.3299865722656,200828,-0.00025136336748754484,298.28599853515624,298.3519775390625,0.0005908206683429753,53.16493860066413,0.15764266541577854,-0.165008544921875,0.3446262620852192
2026-05-19 14:25:00-04:00,297.8900146484375,298.2900085449219,297.8699951171875,298.239990234375,202025,-0.0011232842592745484,298.19700317382814,298.3269775390625,0.0005453561689170311,45.90545627766496,0.11642303221651673,-0.444976806640625,0.005960324257573646
2026-05-19 14:30:00-04:00,297.739990234375,297.8699951171875,297.6099853515625,297.8699951171875,165950,-0.0005036235076208984,298.0830017089844,298.29097747802734,0.0005191558695724103,43.069110764459225,0.07083393007292216,-0.5700073242186932,-0.1785670090335355
2026-05-19 14:35:00-04:00,297.7699890136719,297.8800048828125,297.6700134277344,297.739990234375,124609,0.00010075495492989361,297.98499755859376,298.2494812011719,0.0005064495628547371,43.81664115225274,0.03670181329380284,-0.490020751953125,-0.24911720397710158
2026-05-19 14:40:00-04:00,297.7149963378906,297.8999938964844,297.70001220703125,297.760009765625,112091,-0.00018468172687047257,297.8679992675781,298.21547546386716,0.0003573958685399795,42.709528997836216,0.005154991956715094,-0.584991455078125,-0.10045823335393111
2026-05-19 14:45:00-04:00,297.7799987792969,297.8399963378906,297.6600036621094,297.7149963378906,131856,0.00021833781370039773,297.77899780273435,298.1744750976562,0.00038573882643847446,44.494766374951276,-0.014434545012363742,-0.44500732421875,0.17632994620442322
2026-05-19 14:50:00-04:00,297.7300109863281,297.864990234375,297.6400146484375,297.760009765625,138518,-0.0001678682019399247,297.7469970703125,298.12547607421874,0.000385870217814373,43.375390473254306,-0.03360560680596336,-0.160003662109375,0.050524814949642005
2026-05-19 14:55:00-04:00,297.6300048828125,297.75,297.489990234375,297.7099914550781,234182,-0.00033589527365518457,297.725,298.07822570800784,0.0003854581460655823,41.14524154603316,-0.056220394454044254,-0.1099853515625,0.6906250451204898
2026-05-19 15:00:00-04:00,297.6799011230469,297.7449951171875,297.5299987792969,297.6499938964844,160495,0.00016764519509382403,297.706982421875,298.04672088623045,0.0004053703046109766,42.727447471281074,-0.06931751781257844,-0.090087890625,-0.3146569761979998
2026-05-19 15:05:00-04:00,297.885009765625,298.0,297.5903015136719,297.67999267578125,258301,0.0006890241558275001,297.74098510742186,298.0284957885742,0.00048544449419841095,48.81853649377402,-0.06242691057650518,0.170013427734375,0.6094021620611234
2026-05-19 15:10:00-04:00,298.3832092285156,298.3900146484375,297.7900085449219,297.8900146484375,356228,0.001672455634080361,297.86162719726565,298.05115661621096,0.0007468386999442999,59.95807769554369,-0.01657446159316578,0.60321044921875,0.3791197091765033
2026-05-19 15:15:00-04:00,298.260009765625,298.4200134277344,298.2099914550781,298.375,235017,-0.00041289006579547927,297.967626953125,298.0486572265625,0.0006499955788024906,56.673175850058406,0.00971082716989713,0.529998779296875,-0.3402624162053516
2026-05-19 15:20:00-04:00,298.1099853515625,298.3099975585937,297.95001220703125,298.2699890136719,220311,-0.0005029987566230743,298.063623046875,298.0499069213867,0.0006499285430305468,52.87428339381223,0.018226290154018443,0.47998046875,-0.06257419676023435
2026-05-19 15:25:00-04:00,298.3800048828125,298.44000244140625,297.9200134277344,298.0599975585937,227842,0.0009057715088998108,298.2036437988281,298.06040649414064,0.0006949708148161706,58.293109161482334,0.04623026176375333,0.700103759765625,0.034183495150037935
2026-05-19 15:30:00-04:00,298.2799987792969,298.42999267578125,298.1000061035156,298.3900146484375,220589,-0.0003351635561333888,298.2826416015625,298.05265655517576,0.0007058869239432595,55.73684566842565,0.05966615990394075,0.394989013671875,-0.03183346354052374
2026-05-19 15:35:00-04:00,298.04010009765625,298.2950134277344,297.8399963378906,298.2799987792969,262043,-0.0008042734431487064,298.2140197753906,298.03516082763673,0.0007722526179149646,50.06518474029998,0.05037568771865608,-0.343109130859375,0.18792414852961836
2026-05-19 15:40:00-04:00,298.0199890136719,298.1050109863281,297.8399963378906,298.0450134277344,241175,-6.747777892235352e-05,298.166015625,298.01941070556643,0.000769209414891623,49.60943705357814,0.040918442837266866,-0.240020751953125,-0.0796357849665894
2026-05-19 15:45:00-04:00,298.0799865722656,298.2665100097656,297.9100036621094,298.0199890136719,288134,0.00020132058521427076,298.16001586914064,298.00791015625,0.0007541814254434925,51.041299548439255,0.03782874348371479,-0.029998779296875,0.1947092360319269
2026-05-19 15:50:00-04:00,298.3550109863281,298.4800109863281,297.8500061035156,298.04998779296875,662125,0.0009226530678061451,298.15501708984374,298.01266021728514,0.0007927980594408009,57.064058076453684,0.056916211567966,-0.024993896484375,1.2979759417493248
2026-05-19 15:55:00-04:00,298.9800109863281,299.2200012207031,298.20001220703125,298.32000732421875,2147124,0.0020948198521413275,298.29501953125,298.0466613769531,0.0009851599556824353,66.99936554674477,0.12107971264174466,0.70001220703125,2.2427774211818012
2026-05-20 09:30:00-04:00,300.8599853515625,300.8900146484375,298.0899963378906,298.17999267578125,1772426,0.006287960051350572,298.85899658203124,298.1784103393555,0.002106978718945021,81.13794761596782,0.31993990116393434,2.81988525390625,-0.17451157921014337
2026-05-20 09:35:00-04:00,300.05499267578125,301.14990234375,299.92999267578125,300.8450012207031,645649,-0.0026756388851132407,299.2659973144531,298.28665924072266,0.0023613157209331596,67.7524825339911,0.40788006446041436,2.035003662109375,-0.6357258356625326
2026-05-20 09:40:00-04:00,301.8800964355469,301.95001220703125,300.0249938964844,300.07000732421875,892226,0.006082564210946773,300.02601928710936,298.49366455078126,0.0028800409237903332,77.0120394386744,0.6177231696516969,3.80010986328125,0.38190564842507313
2026-05-20 09:45:00-04:00,301.3583068847656,302.3699951171875,301.239990234375,301.8999938964844,740163,-0.0017284662253069794,300.6266784667969,298.67308044433594,0.003032598034930961,70.75665886517804,0.7334663429483044,3.0032958984375,-0.17043103428951856
2026-05-20 09:50:00-04:00,301.1499938964844,301.6199951171875,300.92999267578125,301.3399963378906,424007,-0.0006912468763002888,301.0606750488281,298.84483032226564,0.0030520173066789576,68.36906524778588,0.799172165207267,2.16998291015625,-0.4271437507684118
2026-05-20 09:55:00-04:00,300.239990234375,301.1700134277344,299.9200134277344,301.1700134277344,468177,-0.0030217621801519323,300.9366760253906,298.9678298950195,0.003267571006052496,59.00260018804977,0.7689508259517766,-0.6199951171875,0.10417280846778465
2026-05-20 10:00:00-04:00,299.67999267578125,300.2799987792969,299.45001220703125,300.239990234375,523818,-0.0018651664561959436,300.86167602539064,299.06532897949216,0.003364959716955003,54.091562376687826,0.6918379962090739,-0.375,0.11884607744506881
2026-05-20 10:05:00-04:00,299.44000244140625,300.0398864746094,299.42999267578125,299.69000244140625,327105,-0.0008008216772570353,300.3736572265625,299.15582885742185,0.003391668735753795,52.09053484910452,0.6043932477003295,-2.440093994140625,-0.37553692312978937
2026-05-20 10:10:00-04:00,299.510009765625,299.95001220703125,299.20001220703125,299.45001220703125,402618,0.0002337941612609029,300.0039978027344,299.2473342895508,0.003388232811354052,52.64091333331739,0.5345793623653208,-1.848297119140625,0.2308524785619297
2026-05-20 10:15:00-04:00,299.739990234375,300.3500061035156,299.4800109863281,299.5335998535156,507549,0.000767855701817588,299.7219970703125,299.34008331298827,0.0033397543307160495,54.490498620523695,0.49213582164856007,-1.410003662109375,0.2606217307720966
2026-05-20 10:20:00-04:00,299.44000244140625,300.16558837890625,299.3999938964844,299.7200012207031,450735,-0.0010008267256370607,299.56199951171874,299.39292297363284,0.0025886598991623046,51.65653898607338,0.4293432997487798,-0.79998779296875,-0.11193796066980721
2026-05-20 10:25:00-04:00,299.5199890136719,299.7099914550781,299.1700134277344,299.45001220703125,316527,0.0002671205303683699,299.5299987792969,299.45592193603517,0.0024748241998895646,52.3678689073007,0.38163477354362385,-0.160003662109375,-0.29775366900728806
2026-05-20 10:30:00-04:00,299.6000061035156,300.1700134277344,299.510009765625,299.510009765625,395349,0.0002671510843308411,299.56199951171874,299.5304229736328,0.0011912266443349355,53.11115030907624,0.346290314042335,0.160003662109375,0.24902141049578708
2026-05-20 10:35:00-04:00,299.19000244140625,299.69500732421875,299.0899963378906,299.6099853515625,349155,-0.0013685035172119608,299.497998046875,299.5709228515625,0.0011637387736259798,48.90043711121854,0.28194561273721774,-0.32000732421875,-0.11684359894675334
2026-05-20 10:40:00-04:00,299.6199035644531,299.6899108886719,299.1499938964844,299.19000244140625,315273,0.0014368833167515138,299.47398071289064,299.63791809082034,0.001349580049280227,53.09915014594481,0.262614148735679,-0.120086669921875,-0.097039996563131
2026-05-20 10:45:00-04:00,299.7300109863281,299.8099975585937,299.32000732421875,299.6099853515625,307579,0.00036749034548466675,299.531982421875,299.72241363525393,0.0010378382923996242,54.138542595487486,0.25325915904090834,0.290008544921875,-0.024404246478448854
2026-05-20 10:50:00-04:00,300.44000244140625,300.4700012207031,299.70001220703125,299.739990234375,317986,0.0023687699898375936,299.7159851074219,299.8434143066406,0.0011288589418065311,60.25503176355694,0.29968110188974606,0.920013427734375,0.033835209816014844
2026-05-20 10:55:00-04:00,299.92999267578125,300.4599914550781,299.7900085449219,300.42999267578125,258721,-0.001697542808815733,299.781982421875,299.93591461181643,0.0012509626235628992,54.61976781940241,0.2919518609734837,0.329986572265625,-0.18637612976671925
2026-05-20 11:00:00-04:00,299.32501220703125,300.1300048828125,299.32000732421875,299.9200134277344,263384,-0.0020170722619393677,299.808984375,299.9844146728516,0.0014271463059136193,48.7906229216565,0.23430855094250091,0.135009765625,0.018023276038667158
2026-05-20 11:05:00-04:00,299.17999267578125,299.42999267578125,299.07000732421875,299.3349914550781,291416,-0.0004844885169492663,299.72100219726565,299.9944137573242,0.001401053388900341,47.48247112989653,0.1749077209217944,-0.439910888671875,0.10643015521064303
2026-05-20 11:10:00-04:00,299.2601013183594,299.4700012207031,299.17999267578125,299.17999267578125,175541,0.00026776069436218464,299.62702026367185,299.91441955566404,0.0013763009435560486,48.30697235643196,0.1327657917274223,-0.46990966796875,-0.39762744667417027
2026-05-20 11:15:00-04:00,299.4649963378906,300.510009765625,299.2300109863281,299.260009765625,630394,0.0006846720248661065,299.43201904296876,299.88491973876955,0.0013935287010490964,50.44971443125266,0.11458051210212261,-0.975006103515625,2.591149645951658
2026-05-20 11:20:00-04:00,299.75,299.75,299.4599914550781,299.510009765625,184093,0.0009517094338058474,299.3960205078125,299.7784149169922,0.0014255120858365478,53.346559864852715,0.12176235994741091,-0.17999267578125,-0.7079715225715981
2026-05-20 11:25:00-04:00,299.1600036621094,299.8099975585937,299.0799865722656,299.7300109863281,293778,-0.0019682947052230837,299.36301879882814,299.6684997558594,0.0015024169322010266,47.19533261783475,0.07893632364186942,-0.165008544921875,0.5958129858278154
2026-05-20 11:30:00-04:00,299.17999267578125,299.3099060058594,298.95001220703125,299.1600036621094,244670,6.681713272893575e-05,299.36301879882814,299.5699996948242,0.001415891570606161,47.41655604311608,0.046078167243592816,0.0,-0.16716023664127333
2026-05-20 11:35:00-04:00,299.1000061035156,299.3299865722656,298.9100036621094,299.17999267578125,213940,-0.0002673526780659907,299.33099975585935,299.51300048828125,0.0014044955339045507,46.57568678920892,0.013428794873391325,-0.16009521484375,-0.12559774389994682
2026-05-20 11:40:00-04:00,298.9649963378906,299.1849975585937,298.6700134277344,299.1300048828125,230316,-0.0004513867030089269,299.2309997558594,299.47725067138674,0.0010733727614556175,45.12119316467837,-0.02307424221726251,-0.5,0.076544825652052
2026-05-20 11:45:00-04:00,299.0400085449219,299.0599975585937,298.8500061035156,298.9700012207031,257762,0.0002509063199709338,299.08900146484376,299.4572509765625,0.0010047782379922503,46.1278201005802,-0.04542665371059229,-0.709991455078125,0.11916671008527424
2026-05-20 11:50:00-04:00,299.17498779296875,299.17999267578125,298.9501037597656,299.04998779296875,218407,0.00045137521465332675,299.0919982910156,299.4404998779297,0.0008216982832848661,47.97699942435436,-0.05165396881182005,0.014984130859375,-0.1526796036653968
2026-05-20 11:55:00-04:00,299.17999267578125,299.17999267578125,298.8099975585937,299.1600036621094,197318,1.6728947995980903e-05,299.0919982910156,299.4125,0.0008074012471514253,48.048207067541725,-0.05554502026143382,0.0,-0.0965582604953138
2026-05-20 12:00:00-04:00,299.32000732421875,299.364990234375,299.0350036621094,299.19000244140625,180497,0.00046799469170788477,299.13599853515626,299.4065002441406,0.0008171948820402806,50.10573658426132,-0.04679131345625365,0.220001220703125,-0.08524817806789042
2026-05-20 12:05:00-04:00,299.44000244140625,299.45001220703125,299.25,299.32000732421875,167842,0.00040089240361917966,299.2309997558594,299.40250091552736,0.0007962191358283232,51.865197060148084,-0.029827501756756192,0.475006103515625,-0.07011196861997704
2026-05-20 12:10:00-04:00,299.5722045898437,299.6600036621094,298.94000244140625,299.42999267578125,340613,0.0004414979540461328,299.3374389648437,299.4011108398437,0.000742413227882737,53.798263670122886,-0.005650811213627094,0.5321960449218182,1.0293669045888394
2026-05-20 12:15:00-04:00,300.0599975585937,300.32000732421875,299.54998779296875,299.5799865722656,439221,0.0016282984912363574,299.5144409179687,299.4446105957031,0.0005646246675960155,60.15637554616573,0.0522676966758695,0.8850097656249432,0.28950157510136143
2026-05-20 12:20:00-04:00,300.0299987792969,300.1600036621094,299.82000732421875,300.0942077636719,190729,-9.997593661570381e-05,299.6844421386719,299.4651153564453,0.0005746715180784778,59.61304526966882,0.09465673674020536,0.850006103515625,-0.5657561910746527
2026-05-20 12:25:00-04:00,300.0050048828125,300.04998779296875,299.8399963378906,300.0299987792969,150442,-8.330465815442611e-05,299.8214416503906,299.4788650512695,0.0005577533650068635,59.13382707506555,0.12479499876064892,0.68499755859375,-0.21122639976091728
2026-05-20 12:30:00-04:00,299.9649963378906,299.989990234375,299.6400146484375,299.989990234375,202686,-0.00013335959157578792,299.9264404296875,299.4551147460937,0.0005176269736642832,58.325560930158574,0.14379386714455222,0.524993896484375,0.34727004426955244
2026-05-20 12:35:00-04:00,299.6845092773437,300.0599975585937,299.6845092773437,299.95001220703125,165168,-0.0009350659709340681,299.94890136718743,299.4428405761719,0.0006561385330091752,52.86962354900881,0.1346653077191604,0.1123046875,-0.18510405257393214
2026-05-20 12:40:00-04:00,300.010009765625,300.1000061035156,299.57000732421875,299.67999267578125,242138,0.0010861438553038116,299.93890380859375,299.4770904541016,0.0007099874882390586,57.802707800582205,0.15194450600699838,-0.04998779296869316,0.4660103652039136
2026-05-20 12:45:00-04:00,300.3299865722656,300.3800048828125,299.989990234375,300.0,297858,0.001066553768957812,299.9989013671875,299.53459014892576,0.000743715385784454,62.01205687050085,0.18927599344590362,0.29998779296875,0.23011671030569336
2026-05-20 12:50:00-04:00,300.54998779296875,300.82000732421875,300.3099975585937,300.32000732421875,306879,0.0007325316503159485,300.10789794921874,299.5990844726563,0.0007516981954040425,64.62493346390889,0.233917273365023,0.54498291015625,0.030286243780593525
2026-05-20 12:55:00-04:00,300.7099914550781,300.7900085449219,300.3370056152344,300.5302124023437,252439,0.0005323695511829651,300.25689697265625,299.6613342285156,0.0007526622063651926,66.43324002434414,0.2789907361096198,0.7449951171875,-0.1773989096679799
2026-05-20 13:00:00-04:00,300.5304870605469,300.8399963378906,300.4200134277344,300.7117919921875,194357,-0.0005969352520103222,300.42609252929685,299.70035858154296,0.0008186558438880835,62.569002029096836,0.29680588215938997,0.8459777832031818,-0.23008330725442583
2026-05-20 13:05:00-04:00,300.29998779296875,300.5849914550781,300.2699890136719,300.5249938964844,167140,-0.0007669746581540071,300.4840881347656,299.7573577880859,0.0007398646697388252,57.910811669045536,0.2889938084923074,0.28997802734375,-0.14003611910041835
2026-05-20 13:10:00-04:00,300.5,300.7099914550781,300.04998779296875,300.3099060058594,253021,0.0006660413425296774,300.5180908203125,299.8233581542969,0.0007585562800860524,60.648540823478996,0.2955352509551403,0.170013427734375,0.5138267320808902
2026-05-20 13:15:00-04:00,300.95001220703125,301.0,300.4800109863281,300.489990234375,270099,0.0014975447821339305,300.598095703125,299.91585845947264,0.0008607946256120678,66.00616843632505,0.33319079930367934,0.4000244140625,0.06749637381877394
2026-05-20 13:20:00-04:00,301.07000732421875,301.2699890136719,300.9049987792969,300.9599914550781,267176,0.00039872109094640784,300.67009887695315,300.02110900878904,0.000846332009577297,67.28519618476403,0.36846822346285535,0.360015869140625,-0.01082195787470519
2026-05-20 13:25:00-04:00,301.04998779296875,301.1000061035156,300.8900146484375,301.07000732421875,222812,-6.649460511831684e-05,300.7739990234375,300.1216079711914,0.0007349756055906271,66.8333939465378,0.39031116327748805,0.519500732421875,-0.16604784860915656
2026-05-20 13:30:00-04:00,301.0150146484375,301.17999267578125,300.9100036621094,301.0599975585937,221540,-0.00011617055621770955,300.91700439453126,300.21360931396487,0.0007184025215429316,65.9996438282709,0.4001867067220246,0.71502685546875,-0.0057088487155090295
2026-05-20 13:35:00-04:00,301.4100036621094,301.6499938964844,301.010009765625,301.0198059082031,325498,0.0013121904039676835,301.0990051269531,300.3251098632812,0.0007497224871214344,70.47893621892469,0.4348725186968636,0.910003662109375,0.46925160241942754
2026-05-20 13:40:00-04:00,301.3099975585937,301.4200134277344,301.20001220703125,301.3999938964844,156687,-0.00033179424140084013,301.17100219726564,300.424609375,0.0007662134295789351,68.03502911147241,0.44911450536312714,0.35998535156244316,-0.5186237703457471
2026-05-20 13:45:00-04:00,301.1549987792969,301.4469909667969,301.1499938964844,301.32000732421875,195515,-0.000514416317257016,301.18800048828126,300.5103591918945,0.0007947562229457248,64.31275037264172,0.4427900680168477,0.084991455078125,0.24780613579939614
2026-05-20 13:50:00-04:00,300.9800109863281,301.2189025878906,300.9501037597656,301.1499938964844,158889,-0.0005810555816042617,301.17400512695315,300.58074951171875,0.000793116212797516,60.301596812797726,0.4188298436709488,-0.069976806640625,-0.18733089532772418
2026-05-20 13:55:00-04:00,301.5150146484375,301.5799865722656,300.9599914550781,300.9599914550781,189853,0.0017775388483645127,301.2740051269531,300.65350036621095,0.0008707028345342895,67.06497777887634,0.43796295326990275,0.5,0.19487818539987045
2026-05-20 14:00:00-04:00,301.5400085449219,301.7200012207031,301.3299865722656,301.5199890136719,402457,8.289436767694447e-05,301.3000061035156,300.7290008544922,0.0008707463900048486,67.34487849662983,0.4499560656009862,0.1300048828125,1.1198348195709311
2026-05-20 14:05:00-04:00,301.3699951171875,301.67999267578125,301.3302917480469,301.57000732421875,325179,-0.0005638171483604015,301.3120056152344,300.79725036621096,0.0008096744565166778,63.39798466913099,0.4406623495100348,0.05999755859380684,-0.19201554451779945
2026-05-20 14:10:00-04:00,301.2200012207031,301.3800048828125,301.1449890136719,301.3800048828125,176275,-0.0004977068019862418,301.32500610351565,300.86000061035156,0.0008272510461199207,60.05397389417985,0.41639382978183903,0.06500244140625,-0.4579139489327416
2026-05-20 14:15:00-04:00,301.3699951171875,301.5849914550781,301.19000244140625,301.2099914550781,323799,0.000497954637396214,301.4030029296875,300.94427490234375,0.0008376023196050821,62.20109302072891,0.404600128520201,0.389984130859375,0.8368968940575805
2026-05-20 14:20:00-04:00,301.44000244140625,301.6300048828125,301.3500061035156,301.385009765625,240559,0.00023229692853643513,301.38800048828125,301.0157745361328,0.0008345494793039961,63.1954417952504,0.3963338513609642,-0.07501220703125,-0.25707306075682756
2026-05-20 14:25:00-04:00,301.4700012207031,301.67999267578125,301.2699890136719,301.42999267578125,290092,9.951824261511533e-05,301.3739990234375,301.07277526855466,0.0007266531094831906,63.63687549193948,0.3877338633155887,-0.07000732421875,0.20590790616854915
2026-05-20 14:30:00-04:00,301.85009765625,301.9599914550781,301.4700012207031,301.4700012207031,309909,0.001260810143655533,301.47001953125,301.1377807617188,0.0008106228316211406,68.75103640254528,0.4068984445964361,0.4801025390625,0.06831281110820009
2026-05-20 14:35:00-04:00,302.1849975585937,302.2300109863281,301.8299865722656,301.8500061035156,372314,0.0011094907867981174,301.66301879882815,301.2115310668945,0.0008188039456523341,72.43022704791989,0.44399207234420146,0.9649963378905682,0.2013655621488888
2026-05-20 14:40:00-04:00,301.8800048828125,302.2099914550781,301.8699951171875,302.1849975585937,332234,-0.001009291256168554,301.7650207519531,301.2790069580078,0.0008812490642073433,64.93237239098205,0.4436643926273405,0.510009765625,-0.10765106872156294
2026-05-20 14:45:00-04:00,301.8500061035156,302.04998779296875,301.7300109863281,301.875,362502,-9.937319071040562e-05,301.847021484375,301.3565078735352,0.0007156680308076611,64.22809929664818,0.43595859401494863,0.410003662109375,0.09110446251738225
2026-05-20 14:50:00-04:00,302.1650085449219,302.2900085449219,301.8500061035156,301.8500061035156,329551,0.0010435727514883641,301.98602294921875,301.43975830078125,0.0007735707094355234,68.13625344991458,0.4500814981884105,0.69500732421875,-0.09089880883415813
2026-05-20 14:55:00-04:00,302.2049865722656,302.29998779296875,302.1300964355469,302.1700134277344,231094,0.0001323052842427952,302.0570007324219,301.502507019043,0.0007263443726499215,68.60504700305924,0.4592064481045668,0.354888916015625,-0.2987610415383355
2026-05-20 15:00:00-04:00,302.05499267578125,302.79998779296875,302.0,302.2149963378906,657130,-0.0004963316396121575,302.0309997558594,301.55175628662107,0.0007261815239846716,64.75559424067853,0.44915717839791114,-0.13000488281244316,1.843561494456801
2026-05-20 15:05:00-04:00,301.67999267578125,302.0799865722656,301.6549987792969,302.05499267578125,260566,-0.0012414957841883068,301.9909973144531,301.58325653076173,0.0008628652270635356,56.256748956462374,0.40625068870298264,-0.20001220703125,-0.6034787637149422
2026-05-20 15:10:00-04:00,302.19000244140625,302.2349853515625,301.4849853515625,301.67498779296875,353545,0.0016905654269658843,302.0589965820312,301.64200592041016,0.000999521054576057,63.30963095699848,0.4086893953029289,0.339996337890625,0.35683473668859333
2026-05-20 15:15:00-04:00,302.04998779296875,302.3800048828125,301.9649963378906,302.1700134277344,370739,-0.00046333315896063265,302.03599243164064,301.67400512695315,0.0010244103347437053,60.42904425237078,0.39477337415632974,-0.115020751953125,0.04863313015316306
2026-05-20 15:20:00-04:00,301.82000732421875,302.1499938964844,301.79998779296875,302.0599975585937,332148,-0.0007613987023487034,301.95899658203126,301.6995056152344,0.0009891201694076314,55.927718558473515,0.361025646415726,-0.384979248046875,-0.10409209713572076
2026-05-20 15:25:00-04:00,302.19000244140625,302.2900085449219,301.75,301.82000732421875,312709,0.0012258800218967192,301.9859985351562,301.75125579833986,0.001004318668797012,60.96543560189491,0.3599861466063885,0.135009765625,-0.058525115310042564
2026-05-20 15:30:00-04:00,302.1300048828125,302.30499267578125,301.9349975585937,302.20001220703125,339618,-0.00019854250011264174,302.0760009765625,301.8087554931641,0.0009445458348292968,59.77229819603592,0.35028318741944986,0.45001220703125,0.08605124892471916
2026-05-20 15:35:00-04:00,302.0899963378906,302.3399963378906,302.010009765625,302.1400146484375,333528,-0.00013242162074367236,302.0559997558594,301.8375045776367,0.0009453130580232466,58.94388050358892,0.33549775783563973,-0.100006103515625,-0.01793191173612707
2026-05-20 15:40:00-04:00,301.9599914550781,302.1600036621094,301.9200134277344,302.0799865722656,361721,-0.00043035149918402293,302.0380004882812,301.8585037231445,0.0008917484832256946,56.21734394739454,0.30971963565434635,-0.089996337890625,0.08452963469333907
2026-05-20 15:45:00-04:00,301.9700012207031,302.15899658203125,301.8575134277344,301.95001220703125,324090,3.314931086317863e-05,302.0679992675781,301.8885040283203,0.000889828990749106,56.38463052063331,0.28679203250629826,0.149993896484375,-0.10403321897263362
2026-05-20 15:50:00-04:00,301.9100036621094,302.5199890136719,301.8800048828125,301.9700012207031,841597,-0.0001986871488929287,302.0119995117187,301.9230041503906,0.0008791741706649409,55.027464931595134,0.2607743953656154,-0.279998779296875,1.5968002715295135
2026-05-20 15:55:00-04:00,302.2650146484375,302.2950134277344,301.8699951171875,301.9020080566406,1602724,0.0011758834819048936,302.03900146484375,301.96775512695314,0.0008461668314856495,61.00800560122276,0.265738383462633,0.135009765625,0.904384164867508
2026-05-21 09:30:00-04:00,301.364990234375,301.79998779296875,300.3999938964844,301.04998779296875,2696060,-0.0029776003521588823,301.8940002441406,301.96400451660156,0.0011587753383585015,44.757796413885245,0.19480237092437847,-0.725006103515625,0.6821735994469416
2026-05-21 09:35:00-04:00,301.9100036621094,302.2300109863281,301.3299865722656,301.3699951171875,559142,0.0018084828875128967,301.8840026855469,301.9860046386719,0.0013276504215115508,52.93344370562799,0.1804826075193091,-0.04998779296875,-0.7926077312819447
2026-05-21 09:40:00-04:00,301.8399963378906,302.4700012207031,301.67999267578125,301.9562072753906,483515,-0.00023188143277652618,301.8580017089844,301.9854995727539,0.0013063159902980427,51.87150137876807,0.1616220079621371,-0.1300048828125,-0.13525544494958341
2026-05-21 09:45:00-04:00,301.9200134277344,302.364990234375,301.7200012207031,301.82000732421875,329201,0.00026509770346727635,301.86000366210936,301.9722503662109,0.001240409448592533,53.03135392647319,0.15138646837681335,0.010009765625,-0.3191503883023278
2026-05-21 09:50:00-04:00,302.8599853515625,302.9100036621094,301.6300048828125,301.94000244140625,409919,0.003113314394618927,301.9789978027344,302.02124938964846,0.0015983132173774612,64.00516476013313,0.2166254843531874,0.594970703125,0.2451936658758631
2026-05-21 09:55:00-04:00,302.75,303.07000732421875,302.3714904785156,302.8399963378906,413760,-0.0003631557712545641,302.25599975585936,302.06624908447264,0.0016059740718662226,62.17467378303989,0.2564962467815235,1.385009765625,0.009370143857688973
2026-05-21 10:00:00-04:00,302.4800109863281,302.8399963378906,302.3699951171875,302.7449951171875,293006,-0.0008917886496180305,302.3700012207031,302.08199920654295,0.0016331179610607964,57.80439294886221,0.2632734043253322,0.57000732421875,-0.29184551430781125
2026-05-21 10:05:00-04:00,302.0950012207031,302.4599914550781,302.0199890136719,302.45001220703125,263307,-0.0012728436645104146,302.42100219726564,302.07649993896484,0.0016965568896359954,52.17257697570145,0.2348698466892074,0.2550048828125,-0.10135969911878939
2026-05-21 10:10:00-04:00,301.5899963378906,302.3598937988281,301.260009765625,302.1000061035156,432448,-0.0016716757336993071,302.35499877929686,302.0532501220703,0.001781651598956127,45.86097747896252,0.16965447787026733,-0.33001708984375,0.6423718321199208
2026-05-21 10:15:00-04:00,301.8500061035156,302.1300048828125,301.29998779296875,301.5899963378906,415577,0.0008621299405888738,302.1530029296875,302.061750793457,0.0017592175026528937,49.264200561481026,0.1373679510919601,-1.009979248046875,-0.039012783039810595
2026-05-21 10:20:00-04:00,301.3599853515625,302.04998779296875,301.3500061035156,301.8450927734375,328655,-0.0016233915588693693,301.875,302.02024993896487,0.0015566291020960277,43.69012568939718,0.071416817977763,-1.3900146484375,-0.2091597946950866
2026-05-21 10:25:00-04:00,301.9508972167969,301.9508972167969,301.32000732421875,301.3800048828125,262130,0.0019608172748781794,301.76917724609376,302.0152954101562,0.0015769131213718818,50.90417116885843,0.06607010387017453,-0.52911376953125,-0.20241590725837122
2026-05-21 10:30:00-04:00,302.42498779296875,302.44000244140625,301.8699951171875,301.92999267578125,300959,0.0015700916292740175,301.8351745605469,302.04554443359376,0.0016470094449210172,55.79709469924643,0.0989473384506141,0.329986572265625,0.14812879105787213
2026-05-21 10:35:00-04:00,302.3999938964844,302.59991455078125,302.239990234375,302.42999267578125,208269,-8.264494500531683e-05,301.99717407226564,302.05604400634763,0.001649031495590074,55.48315782433576,0.12158443547133402,0.80999755859375,-0.30798215039257837
2026-05-21 10:40:00-04:00,301.989990234375,302.4200134277344,301.8599853515625,302.3800048828125,211219,-0.0013558322433356862,302.0251708984375,302.0490432739258,0.0013355340393368218,50.46694228507177,0.1052276303423696,0.139984130859375,0.014164373958678533
2026-05-21 10:45:00-04:00,301.739990234375,302.06988525390625,301.6199951171875,301.9700012207031,195607,-0.0008278420082930005,302.101171875,302.03154296875,0.0013465237612054557,47.63872910760291,0.0712702744112903,0.3800048828125,-0.07391380510276069
2026-05-21 10:50:00-04:00,301.8599853515625,302.0574035644531,301.5801086425781,301.760009765625,211126,0.0003976772090907854,302.08298950195314,302.0265426635742,0.001348838054493802,49.112811817647376,0.05342557156956218,-0.090911865234375,0.07933765151553884
2026-05-21 10:55:00-04:00,302.1499938964844,302.2699890136719,301.79998779296875,301.8699951171875,149695,0.0009607386172238996,302.0279907226562,302.0355422973633,0.0013371257303078895,52.58690812724486,0.06197042538741471,-0.274993896484375,-0.29096842643729337
2026-05-21 11:00:00-04:00,302.1199951171875,302.2550048828125,301.95001220703125,302.1549987792969,214257,-9.92843948464106e-05,301.97199096679685,302.04604187011716,0.0012018268887843734,52.189992583536565,0.06556583073790989,-0.279998779296875,0.4312902902568556
2026-05-21 11:05:00-04:00,301.9700012207031,302.25,301.8999938964844,302.135009765625,158086,-0.000496471266081544,301.9679931640625,302.03129119873046,0.0011924308841588227,50.1517257425558,0.055670229731902054,-0.019989013671875,-0.26216646363946106
2026-05-21 11:10:00-04:00,302.8999938964844,302.92498779296875,301.6499938964844,301.95001220703125,330865,0.0030797518694631876,302.1999938964844,302.10804138183596,0.0013765761721525004,60.46216773551589,0.12147029732813053,1.160003662109375,1.092943081613805
2026-05-21 11:15:00-04:00,303.06500244140625,303.3599853515625,302.8599853515625,302.8951110839844,690924,0.0005447624570711351,302.4409973144531,302.1657913208008,0.0012802975838312912,61.965371730624774,0.1848018547568131,1.20501708984375,1.088235383011198
2026-05-21 11:20:00-04:00,302.9999084472656,303.2998962402344,302.92999267578125,303.0799865722656,230465,-0.00021478558598397868,302.61098022460936,302.22378692626955,0.0012171186830848928,60.98042067055021,0.22712190899591178,0.84991455078125,-0.6664394347279874
2026-05-21 11:25:00-04:00,303.0249938964844,303.2200012207031,302.8599853515625,303.0,279789,8.279028646351883e-05,302.79197998046874,302.279035949707,0.0012141124762436568,61.23613689827762,0.2596914812406226,0.904998779296875,0.21401948235089918
2026-05-21 11:30:00-04:00,303.1700134277344,303.3299865722656,302.9100036621094,303.0249938964844,323082,0.00047857283778895976,303.031982421875,302.29453735351564,0.0010832498837492197,62.75572044247828,0.29381801490831094,1.20001220703125,0.1547344606113894
2026-05-21 11:35:00-04:00,303.6199035644531,303.6700134277344,303.0599975585937,303.20001220703125,338173,0.001483953282952255,303.17596435546875,302.3380325317383,0.0010401546426096926,67.06864436930651,0.3530956460396055,0.71990966796875,0.0467095040887453
2026-05-21 11:40:00-04:00,303.94000244140625,304.2442932128906,303.6000061035156,303.6199951171875,443152,0.0010542750102848775,303.35096435546876,302.41103210449216,0.0010451488657865274,69.7525279085361,0.4210493056739324,0.875,0.31042986873582445
2026-05-21 11:45:00-04:00,303.8999938964844,304.0299987792969,303.7799987792969,303.952392578125,241618,-0.00013163303481111832,303.5309814453125,302.50128173828125,0.0010701954711081947,68.99564443456553,0.4662995048730636,0.90008544921875,-0.45477398274181324
2026-05-21 11:50:00-04:00,303.79998779296875,304.0,303.7099914550781,303.9200134277344,160171,-0.0003290757009678513,303.68598022460935,302.61178131103514,0.001088666138774129,67.03749740787397,0.48846029080425524,0.774993896484375,-0.33708995190755653
2026-05-21 11:55:00-04:00,303.82000732421875,303.8800048828125,303.69000244140625,303.77020263671875,162224,6.589707720339177e-05,303.81597900390625,302.7102813720703,0.0010418204672880966,67.23794775011609,0.5018532305275585,0.649993896484375,0.012817551242110037
2026-05-21 12:00:00-04:00,304.1600036621094,304.1700134277344,303.7300109863281,303.8299865722656,238950,0.001119071587434295,303.9239990234375,302.8502822875977,0.0006279818776481169,70.51710177675436,0.5337493643245352,0.54010009765625,0.47296330999112346
2026-05-21 12:05:00-04:00,304.1199951171875,304.1600036621094,303.8699951171875,304.1549987792969,374619,-0.00013153782364605515,303.9599975585937,302.9587371826172,0.0006485793058024043,69.63387047083208,0.5494650340653493,0.17999267578125,0.5677715003138732
2026-05-21 12:10:00-04:00,303.8599853515625,304.135009765625,303.760009765625,304.114990234375,238162,-0.0008549578120465862,303.9519958496094,303.0304870605469,0.0007359783638015258,64.02172455140816,0.5347746511735068,-0.040008544921875,-0.3642554168368396
2026-05-21 12:15:00-04:00,303.5199890136719,303.8699951171875,303.4700012207031,303.8699951171875,205750,-0.001118924354245765,303.89599609375,303.08648681640625,0.0008600801912713871,57.496181155178945,0.49004857892032305,-0.279998779296875,-0.13609223973597806
2026-05-21 12:20:00-04:00,303.5799865722656,303.6000061035156,303.29998779296875,303.5199890136719,169900,0.0001976725117469602,303.8479919433594,303.1659866333008,0.0008532085717544803,58.30384263316748,0.45420831526024585,-0.240020751953125,-0.1742405832320778
2026-05-21 12:25:00-04:00,303.6369934082031,303.7200012207031,303.42498779296875,303.57000732421875,169170,0.0001877819304927364,303.74338989257814,303.2608367919922,0.0007124307155889092,59.09910830377184,0.4254997273362733,-0.52301025390625,-0.0042966450853443305
2026-05-21 12:30:00-04:00,303.67999267578125,303.73980712890625,303.5400085449219,303.6199951171875,165520,0.00014161406057766612,303.6553894042969,303.3518371582031,0.0006149952361012211,59.72311730901144,0.4015883851816966,-0.44000244140625,-0.021575929538334204
2026-05-21 12:35:00-04:00,303.2900085449219,303.7799987792969,303.2200012207031,303.6831970214844,213195,-0.001284194350188006,303.54139404296876,303.408837890625,0.0007231168493639972,51.97768637733012,0.347168076642447,-0.569976806640625,0.28803165780570317
2026-05-21 12:40:00-04:00,303.7349853515625,303.7349853515625,303.2950134277344,303.29998779296875,129203,0.0014671660592298075,303.5843933105469,303.4895874023438,0.000891229208625053,58.578586423531355,0.33607147673092186,0.214996337890625,-0.39396796360139774
2026-05-21 12:45:00-04:00,303.4200134277344,303.79998779296875,303.375,303.7406921386719,158267,-0.001036995864877266,303.5523986816406,303.5620880126953,0.0009458431893282315,53.022842332737774,0.2984217196090526,-0.15997314453125,0.2249483371129153
2026-05-21 12:50:00-04:00,303.07501220703125,303.4800109863281,303.0498962402344,303.4200134277344,260291,-0.0011370417422557066,303.44000244140625,303.57083892822266,0.0008813196835967813,47.68773111075364,0.23800176443342025,-0.561981201171875,0.644632172215307
2026-05-21 12:55:00-04:00,303.4100036621094,303.5299987792969,303.0599975585937,303.07501220703125,231401,0.001105308724195675,303.38600463867186,303.5880889892578,0.000995819596270111,52.667795791515225,0.21467488697237513,-0.269989013671875,-0.11099115989411845
2026-05-21 13:00:00-04:00,303.67498779296875,303.67999267578125,303.4100036621094,303.4200134277344,145312,0.0008733533095846013,303.46300048828124,303.621842956543,0.0010254689360131557,56.21833656985059,0.21509074114442228,0.384979248046875,-0.37203382872156987
2026-05-21 13:05:00-04:00,303.6499938964844,303.8699951171875,303.614990234375,303.67999267578125,223298,-8.230475834059003e-05,303.4460021972656,303.653092956543,0.0009566655450098892,55.79321033067904,0.21097156117622262,-0.084991455078125,0.53667969610218
2026-05-21 13:10:00-04:00,304.0199890136719,304.2200012207031,303.5799865722656,303.6499938964844,470196,0.0012184920949269706,303.5659973144531,303.69559173583986,0.0010268641422586566,60.54921505767092,0.23485532911149676,0.5999755859375,1.1056883626364766
2026-05-21 13:15:00-04:00,304.1400146484375,304.5899963378906,303.8699951171875,304.0350036621094,378703,0.0003947952078908745,303.77899780273435,303.7215972900391,0.0010298975118530856,61.9782666690432,0.26046596341120676,1.06500244140625,-0.19458481144033557
2026-05-21 13:20:00-04:00,304.44500732421875,304.5400085449219,304.010009765625,304.1340026855469,318368,0.0010028035151303794,303.9859985351562,303.74684753417966,0.0010631006792638385,65.4073366457801,0.30189290215946585,1.035003662109375,-0.1593201004481084
2026-05-21 13:25:00-04:00,304.59100341796875,304.67999267578125,304.32000732421875,304.4599914550781,348104,0.00047954832642238543,304.16920166015626,303.7813980102539,0.0009160280355530768,66.94417755530465,0.3425559425359097,0.916015625,0.09340134686903201
2026-05-21 13:30:00-04:00,304.5140075683594,304.7398986816406,304.4200134277344,304.6099853515625,250932,-0.0002527843854394085,304.3420043945313,303.8170989990234,0.0008590374128450267,65.29659860807543,0.364368559471302,0.864013671875,-0.2791464619768804
2026-05-21 13:35:00-04:00,304.6000061035156,304.6600036621094,304.4700012207031,304.5150146484375,190307,0.0002824124113138815,304.4580078125,303.8560989379883,0.0007299100053002255,66.29439955862395,0.3841661503651608,0.58001708984375,-0.24159931774345245
2026-05-21 13:40:00-04:00,304.6449890136719,304.75,304.54998779296875,304.610107421875,224577,0.00014767862526232634,304.5590026855469,303.8803482055664,0.000512151393558104,66.8316014721068,0.3988875018714566,0.504974365234375,0.18007745379833628
2026-05-21 13:45:00-04:00,304.6499938964844,304.739990234375,304.510009765625,304.6499938964844,210123,1.6428574219240488e-05,304.6,303.90684814453124,0.0004883575959969648,66.8948226305879,0.40627484767060196,0.204986572265625,-0.06436099867751377
2026-05-21 13:50:00-04:00,304.92999267578125,304.95001220703125,304.6099853515625,304.6499938964844,238115,0.0009190834889432065,304.6677978515625,303.96034851074216,0.0004933871492110707,70.30493813580517,0.4297688263725945,0.3389892578125,0.13321721087172755
2026-05-21 13:55:00-04:00,304.92010498046875,305.0599975585937,304.8699951171875,304.95001220703125,685820,-3.2426115993855475e-05,304.7490173339844,304.03035430908204,0.0004880511266437969,70.03060097211011,0.44248937728087867,0.406097412109375,1.880204942989732
2026-05-21 14:00:00-04:00,304.57000732421875,305.1000061035156,304.489990234375,304.9200134277344,329658,-0.0011481619300650614,304.743017578125,304.07985534667966,0.0006140790114991858,60.960245044957595,0.4194849887214218,-0.029998779296875,-0.5193228543932811
2026-05-21 14:05:00-04:00,304.6099853515625,304.7300109863281,304.3599853515625,304.5400085449219,194957,0.00013126055219614408,304.73601684570315,304.12850494384764,0.0006095193974635254,61.572310113103946,0.39987028204592434,-0.035003662109375,-0.40860831528432495
2026-05-21 14:10:00-04:00,304.5599975585937,304.71051025390625,304.5409851074219,304.6098937988281,198276,-0.00016410424927837397,304.718017578125,304.1725051879883,0.0005364020319464838,60.29930512989276,0.37595807786618707,-0.08999633789068184,0.017024266889621886
2026-05-21 14:15:00-04:00,304.6099853515625,304.69000244140625,304.489990234375,304.5599975585937,205863,0.00016413118390312675,304.6540161132813,304.23850402832034,0.0005164486042423436,61.164001848247594,0.35692665263042045,-0.32000732421875,0.038264842946196254
2026-05-21 14:20:00-04:00,304.9599914550781,304.9599914550781,304.6099853515625,304.625,219034,0.0011490303021801651,304.6619934082031,304.2997543334961,0.0006184682295657182,66.6424351682085,0.36586916644262146,0.039886474609375,0.06397944263903654
2026-05-21 14:25:00-04:00,304.6199951171875,305.0,304.55010986328125,304.95001220703125,238173,-0.0011148883375434737,304.6719909667969,304.35975341796876,0.0007318168404252995,58.07253096300814,0.3415837452792516,0.04998779296875,0.08737912835450201
2026-05-21 14:30:00-04:00,304.3699951171875,304.6499938964844,304.2701110839844,304.6199951171875,214722,-0.0008206946490949552,304.6239929199219,304.42450256347655,0.000773960602967104,52.70552917354172,0.2987209937093098,-0.239990234375,-0.09846204229698585
2026-05-21 14:35:00-04:00,304.3999938964844,304.510009765625,304.3599853515625,304.3900146484375,190207,9.856023845355999e-05,304.5919921875,304.4740020751953,0.000775649842242703,53.26369547483813,0.26412790300776123,-0.16000366210931816,-0.11417088141876475
2026-05-21 14:40:00-04:00,304.6300048828125,304.7204895019531,304.3550109863281,304.3999938964844,242882,0.0007556208637977679,304.59599609375,304.5217529296875,0.0007536224513070214,57.41373711062277,0.25236350432459176,0.02001953125,0.2769351285704522
2026-05-21 14:45:00-04:00,304.5249938964844,304.72589111328125,304.1199951171875,304.6300048828125,284144,-0.00034471649097245205,304.5089965820313,304.5655029296875,0.0007570581452873971,55.01199527973626,0.23189350069969805,-0.43499755859375,0.16988496471537617
2026-05-21 14:50:00-04:00,304.07000732421875,304.8099975585937,304.07000732421875,304.5199890136719,357679,-0.0014940861386907311,304.3989990234375,304.56800384521483,0.0008145047535897468,46.02779886665384,0.1769178624572305,-0.54998779296875,0.25879483642096957
2026-05-21 14:55:00-04:00,304.2099914550781,304.2470092773437,303.8900146484375,304.1000061035156,239962,0.0004603680977655067,304.36699829101565,304.5715026855469,0.0008341715808595522,48.79837745353487,0.14299644849018023,-0.160003662109375,-0.32911353476161587
2026-05-21 15:00:00-04:00,304.6700134277344,304.70001220703125,304.19000244140625,304.2099914550781,303860,0.001512185613812056,304.42100219726564,304.58275299072267,0.000982107120349172,56.67014150582621,0.1514871624487455,0.27001953125,0.26628382827280994
2026-05-21 15:05:00-04:00,305.0899963378906,305.0899963378906,304.42999267578125,304.6799011230469,295506,0.0013784845624653652,304.51300048828125,304.6077026367187,0.0010707138307627405,62.359706598060384,0.18991599200205656,0.459991455078125,-0.027492924373066496
2026-05-21 15:10:00-04:00,305.1099853515625,305.1099853515625,304.95001220703125,305.07000732421875,245405,6.551841722712837e-05,304.6299987792969,304.6375015258789,0.0010125235520585159,62.611344512737084,0.21945432972836443,0.584991455078125,-0.16954308880361146
2026-05-21 15:15:00-04:00,305.1600036621094,305.25,305.0299987792969,305.1099853515625,309880,0.00016393534446024205,304.847998046875,304.6655014038086,0.0009261776826468433,63.27299842990557,0.24408606263762067,1.089996337890625,0.2627289582526844
2026-05-21 15:20:00-04:00,305.17999267578125,305.2200012207031,305.010009765625,305.1600036621094,343609,6.5503386525112e-05,305.0419982910156,304.69225158691404,0.0008600924186383415,63.55060414585909,0.262197386518892,0.970001220703125,0.10884535949399776
2026-05-21 15:25:00-04:00,305.226806640625,305.32501220703125,305.07000732421875,305.20001220703125,310666,0.00015339788310919644,305.1533569335937,304.7210922241211,0.0008590794876827526,64.23247258963056,0.27713361311970175,0.556793212890625,-0.09587350738775757
2026-05-21 15:30:00-04:00,305.19500732421875,305.5390014648437,305.1499938964844,305.2200012207031,332478,-0.00010418258067246278,305.1743591308594,304.73434295654295,0.0008482141125739412,63.36533298516537,0.2831408695395794,0.105010986328125,0.0702104510953887
2026-05-21 15:35:00-04:00,305.1050109863281,305.25,304.9599914550781,305.20001220703125,379379,-0.0002948814224703611,305.1733642578125,304.74358825683595,0.0008448917762894705,60.861148822296265,0.27744153784828995,-0.004974365234375,0.14106497271999952
2026-05-21 15:40:00-04:00,304.82000732421875,305.2300109863281,304.7349853515625,305.1050109863281,439968,-0.000934116621644554,305.10536499023436,304.75608825683594,0.0007318177746046666,53.632562422200635,0.24707918769001935,-0.339996337890625,0.15970572962657403
2026-05-21 15:45:00-04:00,304.95001220703125,305.1300048828125,304.7900085449219,304.8099975585937,360371,0.0004264972104479625,305.0593688964844,304.77308959960936,0.0007307962340097745,56.18875034438347,0.23084606425544507,-0.22998046875,-0.1809154302131064
2026-05-21 15:50:00-04:00,304.8800048828125,305.2200012207031,304.54998779296875,304.9599914550781,774216,-0.0002295698357644982,304.99000854492186,304.7890899658203,0.000588453992327374,54.448024770927674,0.20991245092307054,-0.3468017578125,1.1483859689042681
2026-05-21 15:55:00-04:00,305.0899963378906,305.239990234375,304.510009765625,304.8800048828125,2170695,0.0006887675535127702,304.96900634765626,304.8130905151367,0.00043949147859577935,58.591920790871505,0.2078707622396223,-0.105010986328125,1.8037330667410645
2026-05-22 09:30:00-04:00,308.260009765625,308.45001220703125,305.8500061035156,306.0599975585937,2084815,0.010390420747272033,305.6000061035156,304.97809143066405,0.003317173654859347,83.29594511766848,0.45678081505911905,3.154998779296875,-0.03956336565017193
2026-05-22 09:35:00-04:00,308.4472961425781,308.95001220703125,307.6499938964844,308.260009765625,843676,0.0006075597580610381,306.3254638671875,305.1694564819336,0.0033072175352452256,83.90682269841643,0.661530558135496,3.627288818359375,-0.5953233260505129
2026-05-22 09:40:00-04:00,307.3599853515625,308.45001220703125,307.260009765625,308.44000244140625,775375,-0.0035251104633221564,306.8074584960938,305.31895599365237,0.0036102600902721805,68.29208058677735,0.7276711705714547,2.40997314453125,-0.08095643351239101
2026-05-22 09:45:00-04:00,308.2200927734375,308.2398986816406,307.07000732421875,307.3299865722656,663697,0.0027983714955321926,307.47547607421876,305.5099609375,0.0036608442702222863,72.63098763287357,0.8398107476372729,3.340087890625,-0.14403095276479128
2026-05-22 09:50:00-04:00,308.1600036621094,308.4800109863281,308.0,308.2200927734375,505784,-0.00019495520485846018,308.0894775390625,305.6864608764648,0.0036639490248704014,71.89084746720675,0.9133054644046865,3.07000732421875,-0.23792935631771728
2026-05-22 09:55:00-04:00,308.7340087890625,308.739990234375,308.0,308.1600036621094,422224,0.0018626853586829473,308.18427734375,305.89691162109375,0.003644446644603503,74.55800051029853,1.0062683385018545,0.4739990234375,-0.16520886386283473
2026-05-22 10:00:00-04:00,308.4949951171875,308.739990234375,308.0400085449219,308.69000244140625,539797,-0.0007741734472741513,308.1938171386719,306.1181610107422,0.0036344306007903096,71.51508765248072,1.0485684359668426,0.047698974609375,0.2784611959528591
2026-05-22 10:05:00-04:00,308.8399963378906,308.9200134277344,308.44000244140625,308.4800109863281,519013,0.0011183365246236754,308.4898193359375,306.3496612548828,0.003624534969243387,73.21442207613283,1.09728150502292,1.480010986328125,-0.03850336330138926
2026-05-22 10:10:00-04:00,308.7799987792969,309.1000061035156,308.635009765625,308.8349914550781,584892,-0.00019426745015271862,308.6018005371094,306.55516052246094,0.0036229243812340357,72.40545124556185,1.1181562524009792,0.559906005859375,0.12693131000572233
2026-05-22 10:15:00-04:00,309.1000061035156,309.2699890136719,308.7099914550781,308.7749938964844,1505118,0.001036360274252912,308.7898010253906,306.7556610107422,0.0036183100241936883,74.0522728988671,1.1472962398582354,0.94000244140625,1.5733263576865473
2026-05-22 10:20:00-04:00,308.6199951171875,309.1300048828125,308.2699890136719,309.1099853515625,530018,-0.0015529310153664655,308.7669982910156,306.93116149902346,0.00180640020182252,67.540989016345,1.1187606386449716,-0.114013671875,-0.6478561813758124
2026-05-22 10:25:00-04:00,308.6400146484375,309.0098876953125,308.2900085449219,308.6099853515625,541018,6.486790087079086e-05,308.79600219726564,307.1051620483398,0.0017981979133415056,67.6686738064723,1.085251276783879,0.14501953125,0.020754012127889965
2026-05-22 10:30:00-04:00,309.29998779296875,309.3299865722656,308.6199951171875,308.635009765625,507726,0.002138326572084237,308.88800048828125,307.31116180419923,0.001387092515850502,71.63063759604997,1.0992773976612398,0.459991455078125,-0.06153584538776902
2026-05-22 10:35:00-04:00,309.32501220703125,309.3599853515625,308.9100036621094,309.29998779296875,409709,8.0906611865883e-05,308.99700317382815,307.51607208251954,0.0011632742293615813,71.7718884703066,1.0997353955084463,0.545013427734375,-0.19305097631399615
2026-05-22 10:40:00-04:00,309.7699890136719,309.8500061035156,309.32000732421875,309.32000732421875,590689,0.0014385413047128814,309.13099975585936,307.7448211669922,0.0011912718161627828,74.22903156692098,1.123058353946874,0.66998291015625,0.44172815339667904
2026-05-22 10:45:00-04:00,309.6099853515625,309.7799987792969,308.7991943359375,309.7699890136719,1341659,-0.0005165240913712621,309.32899780273436,307.9700698852539,0.0011297269593166554,71.80854874200156,1.1157691163847971,0.989990234375,1.2713458351179723
2026-05-22 10:50:00-04:00,309.8699035644531,309.8699951171875,309.5199890136719,309.6099853515625,375043,0.0008395020354252658,309.5749755859375,308.2225646972656,0.0010757521057870232,73.32994914688295,1.1180770741221977,1.229888916015625,-0.7204632473676247
2026-05-22 10:55:00-04:00,310.3299865722656,310.4800109863281,309.8699951171875,309.8699951171875,1155693,0.0014847618388238448,309.7809753417969,308.49156341552737,0.0011070105209395288,75.81770508920594,1.1438454624413907,1.029998779296875,2.081494655279528
2026-05-22 11:00:00-04:00,310.5450134277344,310.5599975585937,310.1700134277344,310.3299865722656,523842,0.000692897447145846,310.0249755859375,308.7748138427734,0.0010820641523186661,76.90212420268033,1.1681522342111066,1.220001220703125,-0.5467291053939065
2026-05-22 11:05:00-04:00,310.9349975585937,310.94000244140625,310.4150085449219,310.5299987792969,501465,0.0012558054838966992,310.25797729492183,309.0670639038086,0.0010947091271550264,78.76226871995615,1.204993570290526,1.1650085449218182,-0.04271707881384079
2026-05-22 11:10:00-04:00,311.17999267578125,311.19000244140625,310.8500061035156,310.94000244140625,1042425,0.0007879303362798851,310.5719787597656,309.2130630493164,0.0007938869170471335,79.85960036967408,1.2396695145125136,1.57000732421875,1.0787592354401605
2026-05-22 11:15:00-04:00,311.3299865722656,311.3999938964844,310.760009765625,311.17999267578125,536046,0.0004820165178185398,310.86399536132814,309.3571975708008,0.0007596288497357447,80.52311444216382,1.2646753142406055,1.4600830078125,-0.4857701992949133
2026-05-22 11:20:00-04:00,311.0150146484375,311.385009765625,310.9208984375,311.3399963378906,484145,-0.0010116979970222761,311.0010009765625,309.53994903564455,0.0008248378131485697,74.93997424650513,1.2447285330471232,0.685028076171875,-0.09682191453718525
2026-05-22 11:25:00-04:00,311.0050048828125,311.0400085449219,310.8900146484375,311.0162048339844,270571,-3.2184187751527205e-05,311.09299926757814,309.67919464111327,0.0008327731319158275,74.76256391595136,1.2141172726542209,0.459991455078125,-0.44113643639818645
2026-05-22 11:30:00-04:00,310.95001220703125,311.0299987792969,310.7099914550781,311.0,363643,-0.0001768224784741701,311.09600219726565,309.8186950683594,0.0007953977366336717,73.7298633363271,1.1719111170401675,0.015014648437556843,0.34398364939332016
2026-05-22 11:35:00-04:00,310.6600036621094,311.0400085449219,310.6099853515625,310.9599914550781,323687,-0.0009326532675251187,310.99200439453125,309.91499481201174,0.0008561138275263353,68.3666490004081,1.1023539189779399,-0.519989013671875,-0.10987699474484591
2026-05-22 11:40:00-04:00,310.67999267578125,310.9100036621094,310.6099853515625,310.6700134277344,271116,6.434369869379175e-05,310.86200561523435,310.0242446899414,0.0008407110645614755,68.536533419422,1.036889666099853,-0.649993896484375,-0.162413071887348
2026-05-22 11:45:00-04:00,310.0400085449219,310.75,310.0400085449219,310.67999267578125,322677,-0.002059946394833534,310.66700439453126,310.084245300293,0.0009998320316868153,57.828435879810485,0.9227307376954741,-0.975006103515625,0.1901805869074491
2026-05-22 11:50:00-04:00,310.1300048828125,310.2650146484375,310.010009765625,310.0599975585937,389742,0.0002902733047680517,310.49200439453125,310.15174560546876,0.0009723970841012442,58.8031878274014,0.8299537268663357,-0.875,0.20783941836573416
2026-05-22 11:55:00-04:00,309.9755859375,310.17999267578125,309.8500061035156,310.1499938964844,270349,-0.0004979168183705251,310.297119140625,310.19552459716795,0.0008436563804171158,56.39454753661593,0.7354887030650161,-0.97442626953125,-0.30633855217041017
2026-05-22 12:00:00-04:00,309.9599914550781,309.989990234375,309.7200012207031,309.9800109863281,225053,-5.030874407319086e-05,310.15711669921876,310.2625244140625,0.0007600998267959657,56.14443649198196,0.6518520025937278,-0.70001220703125,-0.16754639373550484
2026-05-22 12:05:00-04:00,310.3800048828125,310.489990234375,309.9599914550781,309.96759033203125,391962,0.0013550569083533581,310.097119140625,310.3495239257812,0.0009075426944780157,61.142966344399234,0.6124015049771288,-0.29998779296875,0.7416430796301317
2026-05-22 12:10:00-04:00,310.40008544921875,310.4800109863281,310.17999267578125,310.38739013671875,712959,6.469671399678134e-05,310.16913452148435,310.40452880859374,0.0008777809317476624,61.36966219317501,0.5761159294640379,0.360076904296875,0.8189492859001637
2026-05-22 12:15:00-04:00,310.2149963378906,310.5199890136719,310.19000244140625,310.4100036621094,250479,-0.0005962920759517987,310.1861328125,310.4490280151367,0.0008840768108722452,58.01021371941025,0.5263566927086458,0.084991455078125,-0.648676852385621
2026-05-22 12:20:00-04:00,310.260009765625,310.5002136230469,310.1499938964844,310.2200012207031,839820,0.00014510397068412395,310.243017578125,310.47352905273436,0.0008930137782461013,58.60371480874481,0.48496398358616943,0.284423828125,2.3528559280418717
2026-05-22 12:25:00-04:00,309.9200134277344,310.29998779296875,309.8599853515625,310.2550048828125,338809,-0.0010958432514311944,310.2350219726562,310.489030456543,0.0009087995913407616,52.56067285017074,0.4198849283041568,-0.03997802734375,-0.5965695029887357
2026-05-22 12:30:00-04:00,309.54998779296875,309.989990234375,309.44000244140625,309.92999267578125,349669,-0.0011939391415001221,310.0690185546875,310.47303466796876,0.0009485146916840319,46.89327984946161,0.33459433659703564,-0.83001708984375,0.03205345784793212
2026-05-22 12:35:00-04:00,309.4049987792969,309.7099914550781,309.3349914550781,309.5448913574219,281608,-0.00046838642994506685,309.8700012207031,310.4267852783203,0.000743729011696931,44.85249605701651,0.2523921073986344,-0.995086669921875,-0.19464407768489633
2026-05-22 12:40:00-04:00,309.239990234375,309.5899963378906,309.2300109863281,309.3999938964844,203112,-0.000533309240551616,309.675,310.36153411865234,0.0007282597762039274,42.581266734783824,0.17194931333318664,-0.975006103515625,-0.2787420811908753
2026-05-22 12:45:00-04:00,308.8500061035156,309.3599853515625,308.8500061035156,309.2349853515625,291403,-0.0012611051066319101,309.39299926757815,310.2572845458984,0.0007901642736819907,37.71978396972339,0.07585495069673698,-1.410003662109375,0.4346912048524951
2026-05-22 12:50:00-04:00,309.2650146484375,309.2799987792969,308.82000732421875,308.8550109863281,270081,0.0013437219903527087,309.2619995117187,310.1615356445312,0.0009569183410354361,44.92576968542165,0.03280899551151606,-0.654998779296875,-0.07317014581181391
2026-05-22 12:55:00-04:00,309.0199890136719,309.2900085449219,308.92999267578125,309.26031494140625,226570,-0.0007922837151307371,309.1559997558594,310.04603576660156,0.0007894812580109473,41.84720085762003,-0.020836564122078016,-0.529998779296875,-0.1611035207956132
2026-05-22 13:00:00-04:00,309.2200012207031,309.239990234375,309.010009765625,309.0199890136719,229888,0.0006472468259079989,309.11900024414064,309.95628509521487,0.000849936980553515,45.151273249762916,-0.046673717529245096,-0.18499755859375,0.01464448073443081
2026-05-22 13:05:00-04:00,309.2699890136719,309.3299865722656,309.1300048828125,309.2200012207031,219209,0.00016165769604614688,309.125,309.8695343017578,0.0008622624544383113,45.977399758256794,-0.06239697711248482,0.029998779296875,-0.04645305540089084
2026-05-22 13:10:00-04:00,309.560302734375,309.5899963378906,309.25,309.2699890136719,551176,0.0009387064086916475,309.2670593261719,309.800048828125,0.0009411721955448593,50.62839148382999,-0.050845764284133566,0.710296630859375,1.5143858144510491
2026-05-22 13:15:00-04:00,309.375,309.6849975585937,309.25,309.5599975585937,323597,-0.0005985997969966128,309.2890563964844,309.73579864501954,0.0009024091888795349,47.79964698984313,-0.05599821436271668,0.1099853515625,-0.412897150819339
2026-05-22 13:20:00-04:00,309.510009765625,309.5899963378906,309.2900085449219,309.3800048828125,220913,0.0004363952020201012,309.387060546875,309.6772994995117,0.0008433333554804493,49.991983710460666,-0.048626868142378044,0.490020751953125,-0.31732061792909083
2026-05-22 13:25:00-04:00,309.860107421875,309.8699951171875,309.3299865722656,309.525390625,383103,0.0011311351659195612,309.51508178710935,309.6683044433594,0.0008972444383938632,55.24148655666191,-0.01436942638116534,0.640106201171875,0.7341804239678063
2026-05-22 13:30:00-04:00,309.6600036621094,310.1549987792969,309.489990234375,309.8699951171875,285656,-0.0006457874213965376,309.59308471679685,309.6448043823242,0.0009073731650143964,51.888727841544,-0.0033284892974165814,0.3900146484375,-0.2543624038443969
2026-05-22 13:35:00-04:00,309.8349914550781,309.8599853515625,309.46099853515625,309.6499938964844,426192,0.0005650965281254194,309.6480224609375,309.6377746582031,0.0007679885233941927,54.489972658218,0.01931888921637892,0.274688720703125,0.49197636317808824
2026-05-22 13:40:00-04:00,309.5701904296875,309.8800048828125,309.5701904296875,309.82000732421875,257898,-0.0008546517749562499,309.687060546875,309.61828460693357,0.0007565406612610819,50.077578510725516,0.01571867503832891,0.1951904296875,-0.39487836468070725
2026-05-22 13:45:00-04:00,309.6499938964844,309.69000244140625,309.44000244140625,309.6000061035156,148068,0.0002577879565410779,309.7150573730469,309.5817840576172,0.0006889584484096489,51.355999158538516,0.019084952734033322,0.139984130859375,-0.4258660400623502
2026-05-22 13:50:00-04:00,309.44000244140625,309.69000244140625,309.2900085449219,309.67498779296875,154645,-0.0006781574655814193,309.63103637695315,309.5337799072266,0.0007209383932630729,47.881364107612235,0.004753402344306323,-0.42010498046875,0.044418780560283144
2026-05-22 13:55:00-04:00,309.45001220703125,309.7699890136719,309.4150085449219,309.42999267578125,158758,3.234800137685845e-05,309.5890380859375,309.4955307006836,0.0007202981799006331,48.061754025692615,-0.005730690331006372,-0.209991455078125,0.02659639820233428
2026-05-22 14:00:00-04:00,308.989990234375,309.45001220703125,308.9729919433594,309.45001220703125,307119,-0.0014865792680870404,309.4200378417969,309.4320297241211,0.0007953628131832096,41.03281351014407,-0.05057632554121483,-0.845001220703125,0.9345103868781415
2026-05-22 14:05:00-04:00,309.3349914550781,309.364990234375,308.95001220703125,308.989990234375,179212,0.0011165449742933653,309.372998046875,309.4027786254883,0.000876807185567936,47.262119475402756,-0.05761396144134778,-0.235198974609375,-0.41647374470482124
2026-05-22 14:10:00-04:00,309.2300109863281,309.4200134277344,309.0799865722656,309.3349914550781,203226,-0.00033937469620293204,309.28900146484375,309.38677978515625,0.0008669320842074094,45.680744054401856,-0.07084571970852949,-0.41998291015625,0.13399772336673887
2026-05-22 14:15:00-04:00,309.2900085449219,309.3179931640625,309.010009765625,309.2149963378906,158007,0.0001940224314009864,309.2590026855469,309.3810302734375,0.000764890244116534,46.77679951847054,-0.07561899322422505,-0.149993896484375,-0.22250597856573473
2026-05-22 14:20:00-04:00,309.510009765625,309.5199890136719,309.2799987792969,309.2900085449219,165553,0.0007113104679266069,309.2710021972656,309.39453125,0.0007936789469917851,50.70469960259314,-0.060947027595261716,0.05999755859375,0.04775737783769074
2026-05-22 14:25:00-04:00,309.3099975585937,309.5199890136719,309.3099975585937,309.5050048828125,154511,-0.000646222095313731,309.3350036621094,309.4175308227539,0.0007820336065121324,47.28785553338446,-0.06471273454269522,0.32000732421869316,-0.06669767385671055
2026-05-22 14:30:00-04:00,309.1849975585937,309.3599853515625,309.17999267578125,309.31500244140625,161791,-0.0004041253143662882,309.3050048828125,309.41352996826174,0.0007505053814494914,45.23621441750343,-0.07689711765482343,-0.14999389648443184,0.04711638653558636
2026-05-22 14:35:00-04:00,309.3550109863281,309.4800109863281,309.07000732421875,309.1849975585937,206615,0.0005498760582722806,309.3300048828125,309.4302810668945,0.000772390454803723,48.50845758423608,-0.07200464161110176,0.125,0.277048785161103
2026-05-22 14:40:00-04:00,309.34991455078125,309.44000244140625,309.2149963378906,309.3500061035156,329984,-1.6474391446363867e-05,309.34198608398435,309.43677673339846,0.0007447327303053008,48.41506752603703,-0.06775749265625564,0.059906005859375,0.5970960482055998
2026-05-22 14:45:00-04:00,309.3099975585937,309.4100036621094,309.19000244140625,309.3450012207031,164661,-0.000129035083929252,309.30198364257814,309.4387771606445,0.0007450073341343225,47.64141878505115,-0.06684205062794035,-0.20001220703130684,-0.5010030789371606
2026-05-22 14:50:00-04:00,309.5799865722656,309.5799865722656,309.25,309.30499267578125,186842,0.0008728751602049556,309.3559814453125,309.43976135253905,0.0005965634653465552,53.10033004349661,-0.04382550606055702,0.26998901367193184,0.13470706481801997
2026-05-22 14:55:00-04:00,309.337890625,309.5599975585937,309.3099975585937,309.5599975585937,197613,-0.0007820142055892099,309.3865600585938,309.4379058837891,0.0005708116434125892,48.24319338757913,-0.04460566202408245,0.15289306640630684,0.05764763811134532
2026-05-22 15:00:00-04:00,309.1801147460937,309.3299865722656,308.94000244140625,309.32000732421875,248494,-0.0005100438183874845,309.3515808105468,309.4214111328125,0.0005845092966954069,45.33291508724714,-0.057294678694290724,-0.17489624023443184,0.25747799992915454
2026-05-22 15:05:00-04:00,309.2001037597656,309.2699890136719,309.0950012207031,309.19000244140625,151679,6.46516794533536e-05,309.3216186523437,309.388410949707,0.0005807644418259414,45.779187392132584,-0.06498871996694788,-0.149810791015625,-0.3896069925229583
2026-05-22 15:10:00-04:00,309.31500244140625,309.3699951171875,309.19000244140625,309.2200012207031,200543,0.00037159975124034794,309.32261962890624,309.37116088867185,0.0005412455301885321,48.38737216639946,-0.06111049599024909,0.005004882812556843,0.3221540226399171
2026-05-22 15:15:00-04:00,309.1099853515625,309.3599853515625,308.9501037597656,309.3399963378906,267475,-0.0006628100422726435,309.22861938476564,309.3349105834961,0.0005432536426801504,44.29317418472321,-0.0737302251585561,-0.470001220703125,0.3337538582747839
2026-05-22 15:20:00-04:00,309.0249938964844,309.1650085449219,308.9599914550781,309.125,251367,-0.000274955385156761,309.1660400390625,309.3076507568359,0.0005357664533508221,42.68089515382627,-0.08955719200423573,-0.312896728515625,-0.06022245069632681
2026-05-22 15:25:00-04:00,308.70001220703125,309.0299987792969,308.6400146484375,309.0249938964844,314276,-0.0010516356148266848,309.07001953125,309.2601516723633,0.0005739840553800798,37.11738278416635,-0.12686110772853,-0.48010253906244316,0.25026753710709837
2026-05-22 15:30:00-04:00,309.0398864746094,309.07000732421875,308.6900939941406,308.70001220703125,297862,0.001100985598115889,309.03797607421876,309.2401458740234,0.0007091047713028193,45.16742658438275,-0.12752963451225696,-0.16021728515625,-0.05222797795568224
2026-05-22 15:35:00-04:00,308.7799987792969,309.17999267578125,308.760009765625,309.0299987792969,326254,-0.0008409519504979368,308.93097534179685,309.2066452026367,0.0007470606103330407,40.85999794509125,-0.14733186185202385,-0.535003662109375,0.0953193089417248
2026-05-22 15:40:00-04:00,308.45001220703125,308.7799072265625,308.4200134277344,308.7749938964844,391596,-0.001068678585304017,308.7989807128906,309.17964630126954,0.0006961155505803904,36.14639527663681,-0.1874911470213192,-0.65997314453125,0.200279536802614
2026-05-22 15:45:00-04:00,308.2749938964844,308.510009765625,308.2300109863281,308.45001220703125,334705,-0.000567412234139919,308.64898071289065,309.1266464233398,0.0006850646000400041,33.91190378862785,-0.23077989781563701,-0.75,-0.14527982921173865
2026-05-22 15:50:00-04:00,308.5150146484375,308.5400085449219,307.9700012207031,308.2699890136719,1194486,0.0007785929988006757,308.6119812011719,309.0908966064453,0.0007666822043565797,39.44086289255111,-0.24291866084263347,-0.18499755859375,2.568772501157736
2026-05-22 15:55:00-04:00,308.8800048828125,309.3999938964844,308.4800109863281,308.5400085449219,1638698,0.0011830550120579542,308.5800048828125,309.07039642333984,0.0008845351489480182,46.73803304512769,-0.22054475379582072,-0.159881591796875,0.37188548044933145
